0.004996, 0.005, 0.002183, -0.790000105761105, 0, 1, 0, 0.537000031728332, 0, 0
0.009998, 0.005, 0.002003, -0.790000105761105, 0, 1, 0, 0.537000031728332, 0, 0
0.015001, 0.005001, 0.002063, -0.790000105761105, 0, 1, 0, 0.537000031728332, 0, 0
0.020003, 0.005, 0.002051, -0.78846612497322, 0.0239808239224021, 1, 0, 0.535820412774294, 0.306796157577138, 0.0340884619530154
0.025006, 0.005, 0.002043, -0.783864182609563, 0.191846591379217, 1, 0, 0.529403857041492, 0.920388472731393, 0.162867095997738
0.030008, 0.005, 0.002013, -0.765456413154935, 0.623501421982454, 1, 0, 0.510931881287007, 3.68155389092553, 0.638001337293454
0.035011, 0.005001, 0.002104, -0.737844758972993, 1.29496449180971, 1, 0, 0.482504492937607, 5.52233083638831, 1.51887712092978
0.040013, 0.005, 0.002041, -0.705631162427395, 2.15827415301619, 1, 0, 0.446941124137733, 6.44271930911968, 2.51079888800183
0.045016, 0.005001, 0.001989, -0.671883585093911, 3.16546875775708, 1, 0, 0.406601012795461, 6.74951546669682, 3.41864744353659
0.050018, 0.005, 0.001984, -0.636602026972541, 4.22062501034277, 1, 0, 0.364361857781479, 7.05631162427396, 4.19292879952521
0.05502, 0.005, 0.002097, -0.601320468851171, 5.22781961508366, 1, 0, 0.323561552202842, 7.05631162427396, 4.82923609391382
0.060022, 0.005, 0.002068, -0.561436968366145, 6.09112927629013, 1, 0, 0.285697212221139, 7.97670009700533, 5.42640715318623
0.065024, 0.005, 0.002084, -0.523087448669004, 6.64268822650538, 1, 0, 0.25764558780554, 7.66990393942821, 5.95905045652635
0.070026, 0.005, 0.002006, -0.486271909759748, 7.00240058534141, 1, 0, 0.235809555367682, 7.36310778185106, 6.30515165744041
0.075029, 0.005001, 0.002019, -0.447922390062607, 7.21822800064303, 1, 0, 0.217829876999491, 7.66990393942821, 6.57434148037357
0.080032, 0.005001, 0.002021, -0.409572870365466, 7.36211294417744, 1, 0, 0.202008472784317, 7.6699039394282, 6.81779980460794
0.085035, 0.005, 0.001963, -0.371223350668325, 7.45803623986705, 1, 0, 0.187625918004486, 7.6699039394282, 7.00715627901244
0.090038, 0.005001, 0.001968, -0.332873830971184, 7.48201706378945, 1, 0, 0.175401637377672, 7.66990393942821, 7.15443353688261
0.09504, 0.005, 0.001956, -0.294524311274043, 7.50599788771185, 1, 0, 0.163177356750857, 7.6699039394282, 7.26898251522608
0.100042, 0.005, 0.002009, -0.257708772364788, 7.52997871163426, 1, 0, 0.151413270360409, 7.36310778185107, 7.32398770309576
0.105045, 0.005001, 0.001953, -0.219359252667647, 7.55395953555666, 1, 0, 0.139188989733594, 7.66990393942821, 7.36676951588329
0.110047, 0.005, 0.002063, -0.182543713758391, 7.55395953555666, 1, 0, 0.128144328060818, 7.36310778185108, 7.40004425916248
0.11505, 0.005, 0.001952, -0.142660213273365, 7.55395953555666, 1, 0, 0.11617927791531, 7.97670009700533, 7.46001307699931
0.120052, 0.005, 0.001953, -0.104310693576224, 7.55395953555666, 1, 0, 0.104674422006167, 7.6699039394282, 7.54074395282541
0.125055, 0.005, 0.002001, -0.0628932123033113, 7.55395953555666, 1, 0, 0.0922491776242936, 8.28349625458246, 7.6376230959765
0.130057, 0.005, 0.001945, -0.021475731030399, 7.57794035947906, 1, 0, 0.0791045085247479, 8.28349625458246, 7.7811504645556
0.135059, 0.005, 0.001965, 0.0184077694546277, 7.55395953555666, 1, 0, 0.0678588830969119, 7.97670009700533, 7.85869440038634
0.140061, 0.005, 0.002016, 0.0782330201821677, 7.55395953555666, 1, 0, 0.0499113078786499, 11.965050145508, 8.32806789391308
0.145064, 0.005001, 0.001933, 0.0935728280610241, 7.57794035947906, 1, 0, 0.044589940797321, 3.06796157577128, 8.14772077540787
0.150067, 0.005, 0.001936, 0.133456328546051, 7.55395953555666, 1, 0, 0.033344315369485, 7.97670009700533, 7.56430078895908
0.15507, 0.005001, 0.001933, 0.194815560061476, 7.55395953555666, 1, 0, 0.0149365459148573, 12.2718463030851, 8.13318354697822
0.160072, 0.005, 0.001982, 0.233165079758617, 7.55395953555666, 1, 0, 0.003431690005715, 7.6699039394282, 8.54155945237343
0.165074, 0.005, 0.001926, 0.271514599455759, 7.55395953555666, 1, 0, -0.0080731659034273, 7.66990393942821, 8.34785822727449
0.170077, 0.005001, 0.001946, 0.308330138365014, 7.57794035947906, 1, 0, -0.019837252293876, 7.36310778185107, 8.16311325691119
0.175079, 0.005, 0.00195, 0.346679658062155, 7.57794035947906, 1, 0, -0.0313421082030183, 7.6699039394282, 8.0194227244064
0.180082, 0.005, 0.001972, 0.38349519697141, 7.55395953555666, 1, 0, -0.0416673451581228, 7.36310778185107, 7.90766342134712
0.185084, 0.005, 0.00192, 0.41877675509278, 7.52997871163426, 1, 0, -0.0515323878768617, 7.05631162427396, 7.75256259506165
0.190086, 0.005, 0.00195, 0.45405831321415, 7.45803623986705, 1, 0, -0.0599585811602565, 7.05631162427395, 7.59784015710883
0.195088, 0.005, 0.001964, 0.48933987133552, 7.38609376809984, 1, 0, -0.0683847744436511, 7.05631162427395, 7.47750048314552
0.20009, 0.005, 0.001971, 0.523087448669004, 7.26618964848783, 1, 0, -0.0749119240553361, 6.74951546669681, 7.34981449699882
0.205092, 0.005, 0.001905, 0.553767064426716, 7.12230470495342, 1, 0, -0.0797992604766175, 6.13592315154257, 7.14823778858124
0.210095, 0.005001, 0.001909, 0.585980660972315, 6.97841976141901, 1, 0, -0.0851467911342647, 6.4427193091197, 6.95736744230344
0.215098, 0.005, 0.002014, 0.616660276730028, 6.81055399396219, 1, 0, -0.0893147028378741, 6.13592315154257, 6.80891272853182
0.220101, 0.005001, 0.001954, 0.627398142245227, 6.59472657866057, 1, 0, -0.0860612400333854, 2.1475731030399, 6.21620948381169
0.225103, 0.005, 0.001893, 0.66881562351814, 6.35491833943655, 1, 0, -0.0912922372385385, 8.28349625458245, 5.99383730492268
0.230105, 0.005, 0.001924, 0.691825335336424, 6.06714845236773, 1, 0, -0.0895620541719591, 4.60194236365694, 6.09358886141091
0.235107, 0.005, 0.001895, 0.713301066366823, 5.7314169174541, 1, 0, -0.0859328274336699, 4.29514620607978, 5.72802339995701
0.24011, 0.005001, 0.001943, 0.733242816609336, 5.37170455861807, 1, 0, -0.081123981741343, 3.98835004850266, 5.37551778380906
0.245113, 0.005001, 0.001883, 0.751650586063964, 4.98801137585963, 1, 0, -0.0751355170949783, 3.68155389092555, 5.03316982512129
0.250115, 0.005, 0.001988, 0.766990393942821, 4.5803373691788, 1, 0, -0.0675072392582101, 3.06796157577127, 4.66463380472732
0.255117, 0.005, 0.001878, 0.771592336306477, 4.17266336249796, 1, 0, -0.0566576017668821, 0.920388472731393, 4.0711985201771
0.26012, 0.005, 0.001883, 0.793068067336877, 3.78897017973953, 1, 0, -0.0515895255932488, 4.2951462060798, 3.74599159111676
0.265123, 0.005001, 0.001881, 0.803805932852076, 3.4292578209035, 1, 0, -0.0440195144827278, 2.1475731030399, 3.62940671632634
0.270125, 0.005, 0.001909, 0.81300981757939, 3.06954546206747, 1, 0, -0.035989309135841, 1.84077694546276, 3.26602189586523
0.275127, 0.005, 0.001987, 0.822213702306704, 2.73381392715384, 1, 0, -0.0286785285066262, 1.84077694546276, 2.94930079577579
0.28013, 0.005001, 0.001947, 0.829883606246132, 2.42206321616261, 1, 0, -0.0216269783587179, 1.53398078788565, 2.66887370041988
0.285133, 0.005001, 0.001979, 0.83755351018556, 2.18225497693859, 1, 0, -0.0167337023638257, 1.53398078788565, 2.41667527541227
0.290136, 0.005, 0.001886, 0.843689433337103, 1.94244673771457, 1, 0, -0.0113802321325679, 1.22718463030851, 2.18643248289779
0.295138, 0.005, 0.001916, 0.849825356488645, 1.75060014633535, 1, 0, -0.00746561133665414, 1.22718463030851, 1.9732662934335
0.30014, 0.005, 0.001914, 0.854427298852302, 1.58273437887854, 1, 0, -0.00381022102204679, 0.920388472731393, 1.7733819063416
0.305143, 0.005, 0.00185, 0.860563222003845, 1.46283025926653, 1, 0, -0.00205387437914924, 1.22718463030851, 1.61791627193679
0.310146, 0.005001, 0.001875, 0.866699145155387, 1.34292613965452, 1, 0, -0.00029752773625169, 1.22718463030851, 1.53108701824162
0.315149, 0.005, 0.001853, 0.871301087519044, 1.24700284396491, 1, 0, 0.00119958842533948, 0.920388472731393, 1.42946469230347
0.320151, 0.005001, 0.001904, 0.877437010670587, 1.1750603721977, 1, 0, 0.00151708563289291, 1.22718463030851, 1.35042510546269
0.325154, 0.005, 0.001875, 0.882038953034244, 1.1270987243529, 1, 0, 0.00157535235913997, 0.92038847273137, 1.28894987125319
0.330157, 0.005001, 0.001844, 0.886640895397901, 1.07913707650809, 1, 0, 0.00163361908538701, 0.920388472731393, 1.20704733824834
0.335159, 0.005, 0.001897, 0.891242837761558, 1.05515625258569, 1, 0, 0.000972461093961978, 0.920388472731393, 1.14334536813346
0.340161, 0.005, 0.001865, 0.895844780125214, 1.00719460474089, 1, 0, 0.00103072782020905, 0.92038847273137, 1.09379939137745
0.345164, 0.005001, 0.001856, 0.900446722488871, 0.983213780818486, 1, 0, 0.000369569828784017, 0.920388472731393, 1.05526363167832
0.350167, 0.005001, 0.001857, 0.903514684064643, 0.935252132973682, 1, 0, 0.000888030791396762, 0.613592315154254, 0.991202912181544
0.355169, 0.005, 0.001832, 0.909650607216185, 0.911271309051279, 1, 0, -0.000233321436393933, 1.22718463030851, 0.975466370081507
0.360172, 0.005, 0.001854, 0.912718568791956, 0.911271309051279, 1, 0, -0.00115370990912532, 0.613592315154254, 0.963226837337035
0.365175, 0.005, 0.001911, 0.917320511155613, 0.887290485128877, 1, 0, -0.00181486790055034, 0.920388472731393, 0.919618738804988
0.370177, 0.005, 0.001825, 0.920388472731385, 0.863309661206475, 1, 0, -0.00201583165560966, 0.613592315154254, 0.885701328835618
0.37518, 0.005001, 0.001914, 0.924990415095042, 0.839328837284073, 1, 0, -0.00267698964703469, 0.920388472731393, 0.859321121081664
0.380182, 0.005, 0.001848, 0.928058376670813, 0.815348013361671, 1, 0, -0.00287795340209401, 0.613592315154254, 0.838803181717477
0.385185, 0.005, 0.001817, 0.931126338246584, 0.791367189439269, 1, 0, -0.00307891715715333, 0.613592315154254, 0.788756322481205
0.390187, 0.005, 0.001839, 0.935728280610241, 0.767386365516867, 1, 0, -0.00374007514857835, 0.920388472731393, 0.783919449472676
0.395189, 0.005, 0.002869, 0.938796242186012, 0.743405541594465, 1, 0, -0.00394103890363767, 0.613592315154254, 0.780157437132709
0.400192, 0.005, 0.00286, 0.940330222973898, 0.719424717672063, 1, 0, -0.00368180842233128, 0.306796157577116, 0.709054503628926
0.405195, 0.005001, 0.002806, 0.943398184549669, 0.695443893749661, 1, 0, -0.0038827721773906, 0.613592315154254, 0.653752222014872
0.410198, 0.005001, 0.002812, 0.946466146125441, 0.695443893749661, 1, 0, -0.00480316065012198, 0.613592315154254, 0.644827798268068
0.415201, 0.005, 0.002854, 0.949534107701212, 0.671463069827258, 1, 0, -0.00500412440518134, 0.613592315154277, 0.637886579798334
0.420203, 0.005, 0.002794, 0.952602069276983, 0.647482245904856, 1, 0, -0.00520508816024065, 0.613592315154254, 0.632487854321875
0.425206, 0.005, 0.002809, 0.955670030852754, 0.623501421982454, 1, 0, -0.00540605191529997, 0.613592315154254, 0.628288845617959
0.430209, 0.005001, 0.002788, 0.958737992428526, 0.599520598060052, 1, 0, -0.0056070156703593, 0.613592315154254, 0.625022949959358
0.435212, 0.005001, 0.002887, 0.960271973216411, 0.57553977413765, 1, 0, -0.00534778518905291, 0.306796157577116, 0.588394346938542
0.440214, 0.005, 0.002817, 0.963339934792183, 0.527578126292846, 1, 0, -0.00482932422644016, 0.613592315154254, 0.559905433477907
0.445217, 0.005, 0.002816, 0.964873915580068, 0.527578126292846, 1, 0, -0.00528951846280587, 0.306796157577138, 0.537747389675194
0.450219, 0.005, 0.001793, 0.96794187715584, 0.503597302370444, 1, 0, -0.00549048221786519, 0.613592315154254, 0.520513355606416
0.455222, 0.005, 0.001803, 0.969475857943725, 0.479616478448042, 1, 0, -0.00523125173655883, 0.306796157577138, 0.507109106886256
0.460225, 0.005001, 0.001806, 0.972543819519497, 0.45563565452564, 1, 0, -0.00543221549161815, 0.613592315154254, 0.49668358010391
0.465228, 0.005001, 0.001804, 0.974077800307382, 0.431654830603238, 1, 0, -0.00517298501031176, 0.306796157577116, 0.488574837050971
0.470231, 0.005001, 0.001792, 0.975611781095268, 0.431654830603238, 1, 0, -0.00563317924667747, 0.306796157577138, 0.448179574945672
0.475233, 0.005, 0.002799, 0.977145761883153, 0.407674006680836, 1, 0, -0.00537394876537108, 0.306796157577116, 0.416761037752662
0.480236, 0.005, 0.0028, 0.978679742671039, 0.383693182758433, 1, 0, -0.00511471828406472, 0.306796157577138, 0.392324397713655
0.485239, 0.005, 0.002795, 0.980213723458925, 0.359712358836031, 1, 0, -0.00485548780275834, 0.306796157577116, 0.37331812212776
0.490241, 0.005, 0.002775, 0.98174770424681, 0.335731534913629, 1, 0, -0.00459625732145198, 0.306796157577138, 0.35853546333873
0.495244, 0.005001, 0.002786, 0.98174770424681, 0.311750710991227, 1, 0, -0.00387683260377992, 0, 0.312949377883139
0.500247, 0.005, 0.002784, 0.983281685034696, 0.311750710991227, 1, 0, -0.00433702684014563, 0.306796157577138, 0.277493533639901
0.505249, 0.005, 0.002781, 0.984815665822582, 0.287769887068825, 1, 0, -0.00407779635883924, 0.306796157577116, 0.284005227848174
0.510252, 0.005001, 0.002763, 0.986349646610467, 0.263789063146423, 1, 0, -0.00381856587753288, 0.306796157577138, 0.289069878899052
0.515255, 0.005001, 0.002775, 0.986349646610467, 0.239808239224021, 1, 0, -0.00309914115986082, 0, 0.258920589985612
0.520257, 0.005, 0.002768, 0.987883627398353, 0.239808239224021, 1, 0, -0.00355933539622649, 0.306796157577116, 0.235471143052933
0.52526, 0.005001, 0.002767, 0.989417608186239, 0.215827415301619, 1, 0, -0.00330010491492014, 0.306796157577138, 0.251321146280532
0.530263, 0.005001, 0.002755, 0.989417608186239, 0.215827415301619, 1, 0, -0.00330010491492014, 0, 0.229560464615651
0.535265, 0.005, 0.002832, 0.990951588974124, 0.191846591379217, 1, 0, -0.00304087443361375, 0.306796157577116, 0.212635489987408
0.540268, 0.005, 0.002747, 0.990951588974124, 0.167865767456815, 1, 0, -0.00232144971594169, 0, 0.199471620832108
0.545271, 0.005, 0.002759, 0.990951588974124, 0.143884943534413, 1, 0, -0.00160202499826963, 0, 0.155144593980529
0.550273, 0.005, 0.002744, 0.990951588974124, 0.11990411961201, 1, 0, -0.000882600280597563, 0, 0.120668017540411
0.555276, 0.005001, 0.002721, 0.99248556976201, 0.0959232956896083, 1, 0, -0.000623369799291207, 0.306796157577138, 0.127941364484446
0.560279, 0.005001, 0.002751, 0.99248556976201, 0.0959232956896083, 1, 0, -0.000623369799291207, 0, 0.133598412107585
0.565282, 0.005001, 0.002764, 0.99248556976201, 0.0719424717672063, 1, 0, 9.60549183808548e-05, 0, 0.103909876083677
0.570285, 0.005001, 0.002721, 0.99248556976201, 0.0479616478448042, 1, 0, 0.000815479636052918, 0, 0.0808187925095265
0.575288, 0.005, 0.002749, 0.99248556976201, 0.0479616478448042, 1, 0, 0.000815479636052918, 0, 0.0628590608407429
0.58029, 0.005, 0.002729, 0.99248556976201, 0.0479616478448042, 1, 0, 0.000815479636052918, 0, 0.0488903806539111
0.585294, 0.005001, 0.002741, 0.99248556976201, 0.0239808239224021, 1, 0, 0.00153490435372498, 0, 0.0380258516197086
0.590296, 0.005, 0.002712, 0.99248556976201, 0, 1, 0, 0.00225432907139704, 0, 0.0295756623708845
0.595299, 0.005, 0.002734, 0.99248556976201, 0, 1, 0, 0.00225432907139704, 0, 0.0230032929551324
0.600301, 0.005, 0.002788, 0.99248556976201, 0, 1, 0, 0.00225432907139704, 0, 0.0178914500762141
0.605304, 0.005, 0.00269, 0.99248556976201, 0, 1, 0, 0.00225432907139704, 0, 0.0139155722814998
0.610306, 0.005, 0.00269, 0.99248556976201, 0, 1, 0, 0.00225432907139704, 0, 0.010823222885611
0.615309, 0.005, 0.0027, 0.99248556976201, 0, 1, 0, 0.00225432907139704, 0, 0.0084180622443641
0.620312, 0.005001, 0.002703, 0.99248556976201, 0, 1, 0, 0.00225432907139704, 0, 0.00654738174561652
0.625314, 0.005, 0.002719, 0.99248556976201, 0, 1, 0, 0.00225432907139704, 0, 0.00509240802436841
0.630317, 0.005001, 0.002769, 0.99248556976201, 0, 1, 0, 0.00225432907139704, 0, 0.00396076179673098
0.63532, 0.005, 0.002716, 0.99248556976201, 0, 1, 0, 0.00225432907139704, 0, 0.00308059250856854
0.640323, 0.005, 0.002704, 0.99248556976201, 0, 1, 0, 0.00225432907139704, 0, 0.00239601639555331
0.645325, 0.005, 0.002706, 0.99248556976201, 0, 1, 0, 0.00225432907139704, 0, 0.00186356830765258
0.650328, 0.005, 0.002688, 0.99248556976201, 0, 1, 0, 0.00225432907139704, 0, 0.00144944201706311
0.65533, 0.005, 0.002729, 0.99248556976201, 0, 1, 0, 0.00225432907139704, 0, 0.00112734379104909
0.660333, 0.005, 0.002761, 0.99248556976201, 0, 1, 0, 0.00225432907139704, 0, 0.000876822948593736
0.665335, 0.005, 0.002752, 0.99248556976201, 0, 1, 0, 0.00225432907139704, 0, 0.000681973404461795
0.670337, 0.005, 0.002679, 0.99248556976201, 0, 1, 0, 0.00225432907139704, 0, 0.00053042375902584
0.675341, 0.005001, 0.002697, 0.99248556976201, 0, 1, 0, 0.00225432907139704, 0, 0.000412551812575654
0.680342, 0.005, 0.002671, 0.99248556976201, 0, 1, 0, 0.00225432907139704, 0, 0.000320873632003286
0.685345, 0.005001, 0.002685, 0.99248556976201, 0, 1, 0, 0.00225432907139704, 0, 0.000249568380447
0.690347, 0.005, 0.002661, 0.99248556976201, 0, 1, 0, 0.00225432907139704, 0, 0.000194108740347667
0.695349, 0.005, 0.002744, 0.99248556976201, 0, 1, 0, 0.00225432907139704, 0, 0.000150973464714852
0.700352, 0.005, 0.00271, 0.99248556976201, 0, 1, 0, 0.00225432907139704, 0, 0.000117423805889329
0.705355, 0.005, 0.002665, 0.99248556976201, 0, 1, 0, 0.00225432907139704, 0, 9.13296268028118e-05
0.710358, 0.005001, 0.002663, 0.99248556976201, 0, 1, 0, 0.00225432907139704, 0, 7.10341541799647e-05
0.715361, 0.005001, 0.002649, 0.99248556976201, 0, 1, 0, 0.00225432907139704, 0, 5.5248786584417e-05
0.720363, 0.005, 0.002651, 0.99248556976201, 0, 1, 0, 0.00225432907139704, 0, 4.29712784545466e-05
0.725366, 0.005, 0.002664, 0.99248556976201, 0, 1, 0, 0.00225432907139704, 0, 3.34221054646473e-05
0.730368, 0.005, 0.002632, 0.99248556976201, 0, 1, 0, 0.00225432907139704, 0, 2.59949709169479e-05
0.73537, 0.005, 0.002634, 0.99248556976201, 0, 1, 0, 0.00225432907139704, 0, 2.02183107131817e-05
0.740373, 0.005, 0.002655, 0.99248556976201, 0, 1, 0, 0.00225432907139704, 0, 1.57253527769191e-05
0.745376, 0.005001, 0.002653, 0.99248556976201, 0, 1, 0, 0.00225432907139704, 0, 1.22308299376038e-05
0.750378, 0.005, 0.002705, 0.99248556976201, 0, 1, 0, 0.00225432907139704, 0, 9.51286772924737e-06
0.755381, 0.005001, 0.002639, 0.99248556976201, 0, 1, 0, 0.00225432907139704, 0, 7.39889712274795e-06
0.760384, 0.005, 0.002638, 0.99248556976201, 0, 1, 0, 0.00225432907139704, 0, 5.7546977621373e-06
0.765386, 0.005, 0.002625, 0.99248556976201, 0, 1, 0, 0.00225432907139704, 0, 4.4758760372179e-06
0.770389, 0.005001, 0.00262, 0.99248556976201, 0, 1, 0, 0.00225432907139704, 0, 3.48123691783614e-06
0.782001, 0.01161, 0.003235, 0.99248556976201, 0, 1, 0, 0.00225432907139704, 0, 2.70762871387255e-06
0.788479, 0.006472, 0.004682, 0.99248556976201, 0, 1, 0, 0.00225432907139704, 0, 2.1059334441231e-06
0.79362, 0.005138, 0.002509, 0.99248556976201, 0, 1, 0, 0.00225432907139704, 0, 1.63794823431797e-06
0.798623, 0.005, 0.003436, 0.99248556976201, 0, 1, 0, 0.00225432907139704, 0, 1.27395973780286e-06
0.803626, 0.005, 0.004787, 0.99248556976201, 0, 1, 0, 0.00225432907139704, 0, 9.9085757384667e-07
0.808629, 0.005001, 0.003159, 0.99248556976201, 0, 1, 0, 0.00225432907139704, 0, 7.70667001880744e-07
0.81516, 0.006528, 0.002987, 0.99248556976201, 0, 1, 0, 0.00225432907139704, 0, 5.99407668129467e-07
0.820177, 0.005001, 0.005061, 0.99248556976201, 0, 1, 0, 0.00225432907139704, 0, 4.66205964100697e-07
0.825255, 0.005076, 0.002958, 0.99248556976201, 0, 1, 0, 0.00225432907139704, 0, 3.62604638744986e-07
0.831614, 0.006355, 0.002506, 0.99248556976201, 0, 1, 0, 0.00225432907139704, 0, 2.82025830134989e-07
0.836632, 0.005001, 0.005499, 0.99248556976201, 0, 1, 0, 0.00225432907139704, 0, 2.19353423438325e-07
0.842222, 0.005588, 0.003728, 0.99248556976201, 0, 1, 0, 0.00225432907139704, 0, 1.70608218229808e-07
0.847225, 0.005, 0.002926, 0.99248556976201, 0, 1, 0, 0.00225432907139704, 0, 1.32695280845407e-07
0.852228, 0.005, 0.006304, 0.99248556976201, 0, 1, 0, 0.00225432907139704, 0, 1.03207440657538e-07
0.858551, 0.00632, 0.003578, 0.99248556976201, 0, 1, 0, 0.00225432907139704, 0, 8.02724538447521e-08
0.863555, 0.005, 0.002586, 0.99248556976201, 0, 1, 0, 0.00225432907139704, 0, 6.24341307681405e-08
0.868557, 0.005, 0.006536, 0.99248556976201, 0, 1, 0, 0.00225432907139704, 0, 4.85598794863315e-08
0.875112, 0.006552, 0.001971, 0.99248556976201, 0, 1, 0, 0.00225432907139704, 0, 3.77687951560356e-08
0.880115, 0.005001, 0.001891, 0.99248556976201, 0, 1, 0, 0.00225432907139704, 0, 2.93757295658055e-08
0.885117, 0.005, 0.001915, 0.99248556976201, 0, 1, 0, 0.00225432907139704, 0, 2.28477896622932e-08
0.89012, 0.005, 0.001908, 0.99248556976201, 0, 1, 0, 0.00225432907139704, 0, 1.77705030706725e-08
0.895123, 0.005001, 0.001972, 0.99248556976201, 0, 1, 0, 0.00225432907139704, 0, 1.38215023883008e-08
0.900125, 0.005, 0.001906, 0.99248556976201, 0, 1, 0, 0.00225432907139704, 0, 1.07500574131228e-08
0.905128, 0.005001, 0.001905, 0.99248556976201, 0, 1, 0, 0.00225432907139704, 0, 8.36115576576221e-09
0.91013, 0.005, 0.00188, 0.99248556976201, 0, 1, 0, 0.00225432907139704, 0, 6.50312115114839e-09
0.915133, 0.005, 0.001962, 0.99248556976201, 0, 1, 0, 0.00225432907139704, 0, 5.05798311755986e-09
0.920136, 0.005, 0.001895, 0.99248556976201, 0, 1, 0, 0.00225432907139704, 0, 3.93398686921322e-09
0.925138, 0.005001, 0.001865, 0.99248556976201, 0, 1, 0, 0.00225432907139704, 0, 3.05976756494362e-09
0.930141, 0.005, 0.00187, 0.99248556976201, 0, 1, 0, 0.00225432907139704, 0, 2.37981921717837e-09
0.935144, 0.005001, 0.001878, 0.99248556976201, 0, 1, 0, 0.00225432907139704, 0, 1.85097050224984e-09
0.940147, 0.005001, 0.001874, 0.99248556976201, 0, 1, 0, 0.00225432907139704, 0, 1.4396437239721e-09
0.945149, 0.005, 0.001876, 0.99248556976201, 0, 1, 0, 0.00225432907139704, 0, 1.11972289642274e-09
0.950152, 0.005001, 0.001874, 0.99248556976201, 0, 1, 0, 0.00225432907139704, 0, 8.70895586106579e-10
0.955154, 0.005, 0.001853, 0.99248556976201, 0, 1, 0, 0.00225432907139704, 0, 6.7736323363845e-10
0.960157, 0.005001, 0.001971, 0.99248556976201, 0, 1, 0, 0.00225432907139704, 0, 5.26838070607684e-10
0.965159, 0.005, 0.001862, 0.99248556976201, 0, 1, 0, 0.00225432907139704, 0, 4.09762943805976e-10
0.970162, 0.005, 0.001858, 0.99248556976201, 0, 1, 0, 0.00225432907139704, 0, 3.18704511849093e-10
0.975164, 0.005, 0.001931, 0.99248556976201, 0, 1, 0, 0.00225432907139704, 0, 2.47881286993739e-10
0.980167, 0.005001, 0.001836, 0.99248556976201, 0, 1, 0, 0.00225432907139704, 0, 1.92796556550686e-10
0.98517, 0.005001, 0.001857, 0.99248556976201, 0, 1, 0, 0.00225432907139704, 0, 1.499528773172e-10
0.990173, 0.005001, 0.001851, 0.99248556976201, 0, 1, 0, 0.00225432907139704, 0, 1.16630015691156e-10
0.995175, 0.005, 0.001915, 0.99248556976201, 0, 1, 0, 0.00225432907139704, 0, 9.07122344264543e-11
1.000178, 0.005, 0.001825, 0.99248556976201, 0, 1, 0, 0.00225432907139704, 0, 7.05539601094645e-11
1.005181, 0.005, 0.001906, 0.99248556976201, 0, 1, 0, 0.00225432907139704, 0, 5.48753023073612e-11
1.010183, 0.005, 0.00184, 0.99248556976201, 0, 1, 0, 0.00225432907139704, 0, 4.26807906835032e-11
1.015186, 0.005, 0.001906, 0.99248556976201, 0, 1, 0, 0.00225432907139704, 0, 3.31961705316136e-11
1.020188, 0.005, 0.001822, 0.99248556976201, 0, 1, 0, 0.00225432907139704, 0, 2.58192437468106e-11
1.025191, 0.005, 0.001821, 0.99248556976201, 0, 1, 0, 0.00225432907139704, 0, 2.00816340252971e-11
1.030194, 0.005, 0.001804, 0.99248556976201, 0, 1, 0, 0.00225432907139704, 0, 1.56190486863422e-11
1.035197, 0.005001, 0.001836, 0.99248556976201, 0, 1, 0, 0.00225432907139704, 0, 1.21481489782662e-11
1.040199, 0.005, 0.001807, 0.99248556976201, 0, 1, 0, 0.00225432907139704, 0, 9.44856031642923e-12
1.045202, 0.005001, 0.001821, 0.99248556976201, 0, 1, 0, 0.00225432907139704, 0, 7.34888024611162e-12
1.050204, 0.005, 0.001802, 0.99248556976201, 0, 1, 0, 0.00225432907139704, 0, 5.71579574697571e-12
1.055207, 0.005, 0.001799, 0.99248556976201, 0, 1, 0, 0.00225432907139704, 0, 4.44561891431444e-12
1.06021, 0.005001, 0.002817, 0.99248556976201, 0, 1, 0, 0.00225432907139704, 0, 3.45770360002234e-12
1.065212, 0.005, 0.001809, 0.99248556976201, 0, 1, 0, 0.00225432907139704, 0, 2.6893250222396e-12
1.070215, 0.005, 0.002796, 0.99248556976201, 0, 1, 0, 0.00225432907139704, 0, 2.09169723951969e-12
1.075218, 0.005001, 0.002784, 0.99248556976201, 0, 1, 0, 0.00225432907139704, 0, 1.62687563073754e-12
1.080221, 0.005001, 0.002809, 0.99248556976201, 0, 1, 0, 0.00225432907139704, 0, 1.26534771279586e-12
1.085224, 0.005, 0.002794, 0.99248556976201, 0, 1, 0, 0.00225432907139704, 0, 9.84159332174559e-13
1.090226, 0.005, 0.002797, 0.99248556976201, 0, 1, 0, 0.00225432907139704, 0, 7.6545725835799e-13
1.095229, 0.005, 0.002776, 0.99248556976201, 0, 1, 0, 0.00225432907139704, 0, 5.95355645389548e-13
1.100231, 0.005, 0.002787, 0.99248556976201, 0, 1, 0, 0.00225432907139704, 0, 4.63054390858537e-13
1.105234, 0.005001, 0.002777, 0.99248556976201, 0, 1, 0, 0.00225432907139704, 0, 3.60153415112196e-13
1.110237, 0.005, 0.002784, 0.99248556976201, 0, 1, 0, 0.00225432907139704, 0, 2.80119322865041e-13
1.115239, 0.005, 0.002856, 0.99248556976201, 0, 1, 0, 0.00225432907139704, 0, 2.17870584450588e-13
1.120242, 0.005, 0.002776, 0.99248556976201, 0, 1, 0, 0.00225432907139704, 0, 1.69454899017124e-13
1.125245, 0.005001, 0.002786, 0.99248556976201, 0, 1, 0, 0.00225432907139704, 0, 1.31798254791096e-13
1.130248, 0.005001, 0.002761, 0.99248556976201, 0, 1, 0, 0.00225432907139704, 0, 1.02509753726408e-13
1.135251, 0.005001, 0.002756, 0.99248556976201, 0, 1, 0, 0.00225432907139704, 0, 7.9729808453873e-14
1.140254, 0.005001, 0.002766, 0.99248556976201, 0, 1, 0, 0.00225432907139704, 0, 6.20120732419012e-14
1.145256, 0.005, 0.002836, 0.99248556976201, 0, 1, 0, 0.00225432907139704, 0, 4.82316125214787e-14
1.150259, 0.005, 0.002761, 0.99248556976201, 0, 1, 0, 0.00225432907139704, 0, 3.75134764055946e-14
1.155261, 0.005, 0.002761, 0.99248556976201, 0, 1, 0, 0.00225432907139704, 0, 2.91771483154624e-14
1.160263, 0.005, 0.002766, 0.99248556976201, 0, 1, 0, 0.00225432907139704, 0, 2.2693337578693e-14
1.165267, 0.005001, 0.002749, 0.99248556976201, 0, 1, 0, 0.00225432907139704, 0, 1.76503736723168e-14
1.170269, 0.005, 0.00274, 0.99248556976201, 0, 1, 0, 0.00225432907139704, 0, 1.37280684118019e-14
1.175272, 0.005001, 0.002758, 0.99248556976201, 0, 1, 0, 0.00225432907139704, 0, 1.06773865425126e-14
1.180275, 0.005001, 0.002816, 0.99248556976201, 0, 1, 0, 0.00225432907139704, 0, 8.30463397750982e-15
1.185277, 0.005, 0.002726, 0.99248556976201, 0, 1, 0, 0.00225432907139704, 0, 6.45915976028541e-15
1.19028, 0.005001, 0.002719, 0.99248556976201, 0, 1, 0, 0.00225432907139704, 0, 5.02379092466643e-15
1.195283, 0.005001, 0.00275, 0.99248556976201, 0, 1, 0, 0.00225432907139704, 0, 3.90739294140723e-15
1.200286, 0.005, 0.002739, 0.99248556976201, 0, 1, 0, 0.00225432907139704, 0, 3.03908339887229e-15
1.205288, 0.005, 0.002737, 0.99248556976201, 0, 1, 0, 0.00225432907139704, 0, 2.36373153245622e-15
1.21029, 0.005, 0.002713, 0.99248556976201, 0, 1, 0, 0.00225432907139704, 0, 1.83845785857706e-15
1.215293, 0.005001, 0.0028, 0.99248556976201, 0, 1, 0, 0.00225432907139704, 0, 1.42991166778216e-15
1.220296, 0.005, 0.002739, 0.99248556976201, 0, 1, 0, 0.00225432907139704, 0, 1.11215351938612e-15
1.225299, 0.005, 0.002726, 0.99248556976201, 0, 1, 0, 0.00225432907139704, 0, 8.65008292855874e-16
1.230301, 0.005, 0.002716, 0.99248556976201, 0, 1, 0, 0.00225432907139704, 0, 6.72784227776791e-16
1.235304, 0.005001, 0.002735, 0.99248556976201, 0, 1, 0, 0.00225432907139704, 0, 5.23276621604171e-16
1.240307, 0.005, 0.002782, 0.99248556976201, 0, 1, 0, 0.00225432907139704, 0, 4.06992927914355e-16
1.24531, 0.005001, 0.002714, 0.99248556976201, 0, 1, 0, 0.00225432907139704, 0, 3.16550055044498e-16
1.250313, 0.005, 0.002764, 0.99248556976201, 0, 1, 0, 0.00225432907139704, 0, 2.46205598367943e-16
1.255315, 0.005, 0.002776, 0.99248556976201, 0, 1, 0, 0.00225432907139704, 0, 1.91493243175067e-16
1.260317, 0.005, 0.002774, 0.99248556976201, 0, 1, 0, 0.00225432907139704, 0, 1.48939189136163e-16
1.265319, 0.005, 0.002695, 0.99248556976201, 0, 1, 0, 0.00225432907139704, 0, 1.15841591550349e-16
1.270322, 0.005, 0.002698, 0.99248556976201, 0, 1, 0, 0.00225432907139704, 0, 9.00990156502716e-17
1.275324, 0.005, 0.002708, 0.99248556976201, 0, 1, 0, 0.00225432907139704, 0, 7.00770121724335e-17
1.280327, 0.005, 0.002698, 0.99248556976201, 0, 1, 0, 0.00225432907139704, 0, 5.45043428007816e-17
1.285329, 0.005, 0.00269, 0.99248556976201, 0, 1, 0, 0.00225432907139704, 0, 4.23922666228301e-17
1.290332, 0.005, 0.002754, 0.99248556976201, 0, 1, 0, 0.00225432907139704, 0, 3.29717629288679e-17
1.295335, 0.005001, 0.002669, 0.99248556976201, 0, 1, 0, 0.00225432907139704, 0, 2.56447045002306e-17
1.300338, 0.005001, 0.002751, 0.99248556976201, 0, 1, 0, 0.00225432907139704, 0, 1.99458812779571e-17
1.305341, 0.005001, 0.002665, 0.99248556976201, 0, 1, 0, 0.00225432907139704, 0, 1.55134632161889e-17
1.310343, 0.005, 0.002743, 0.99248556976201, 0, 1, 0, 0.00225432907139704, 0, 1.20660269459247e-17
1.315345, 0.005, 0.002662, 0.99248556976201, 0, 1, 0, 0.00225432907139704, 0, 9.38468762460808e-18
1.320347, 0.005, 0.002667, 0.99248556976201, 0, 1, 0, 0.00225432907139704, 0, 7.29920148580628e-18
1.32535, 0.005, 0.00274, 0.99248556976201, 0, 1, 0, 0.00225432907139704, 0, 5.67715671118266e-18
1.330352, 0.005, 0.002668, 0.99248556976201, 0, 1, 0, 0.00225432907139704, 0, 4.41556633091985e-18
1.335356, 0.005001, 0.002646, 0.99248556976201, 0, 1, 0, 0.00225432907139704, 0, 3.43432936849322e-18
1.340358, 0.005, 0.002653, 0.99248556976201, 0, 1, 0, 0.00225432907139704, 0, 2.67114506438361e-18
1.34536, 0.005, 0.00266, 0.99248556976201, 0, 1, 0, 0.00225432907139704, 0, 2.07755727229837e-18
1.350363, 0.005001, 0.002656, 0.99248556976201, 0, 1, 0, 0.00225432907139704, 0, 1.61587787845428e-18
1.355366, 0.005, 0.002668, 0.99248556976201, 0, 1, 0, 0.00225432907139704, 0, 1.25679390546444e-18
1.360369, 0.005001, 0.002652, 0.99248556976201, 0, 1, 0, 0.00225432907139704, 0, 9.77506370916789e-19
1.365371, 0.005, 0.002639, 0.99248556976201, 0, 1, 0, 0.00225432907139704, 0, 7.60282732935281e-19
1.370373, 0.005, 0.00265, 0.99248556976201, 0, 1, 0, 0.00225432907139704, 0, 5.91331014505218e-19
1.375376, 0.005, 0.002624, 0.99248556976201, 0, 1, 0, 0.00225432907139704, 0, 4.59924122392948e-19
1.380378, 0.005, 0.002647, 0.99248556976201, 0, 1, 0, 0.00225432907139704, 0, 3.57718761861181e-19
1.38538, 0.005, 0.002704, 0.99248556976201, 0, 1, 0, 0.00225432907139704, 0, 2.78225703669808e-19
1.390383, 0.005, 0.002635, 0.99248556976201, 0, 1, 0, 0.00225432907139704, 0, 2.16397769520962e-19
1.395386, 0.005001, 0.002698, 0.99248556976201, 0, 1, 0, 0.00225432907139704, 0, 1.68309376294081e-19
1.400388, 0.005, 0.002623, 0.99248556976201, 0, 1, 0, 0.00225432907139704, 0, 1.30907292673174e-19
1.405391, 0.005, 0.002635, 0.99248556976201, 0, 1, 0, 0.00225432907139704, 0, 1.01816783190247e-19
1.410394, 0.005001, 0.002633, 0.99248556976201, 0, 1, 0, 0.00225432907139704, 0, 7.91908313701919e-20
1.415397, 0.005001, 0.002615, 0.99248556976201, 0, 1, 0, 0.00225432907139704, 0, 6.15928688434826e-20
1.4204, 0.005001, 0.002624, 0.99248556976201, 0, 1, 0, 0.00225432907139704, 0, 4.7905564656042e-20
1.425403, 0.005, 0.002614, 0.99248556976201, 0, 1, 0, 0.00225432907139704, 0, 3.7259883621366e-20
1.430405, 0.005, 0.002624, 0.99248556976201, 0, 1, 0, 0.00225432907139704, 0, 2.89799094832847e-20
1.435407, 0.005, 0.002612, 0.99248556976201, 0, 1, 0, 0.00225432907139704, 0, 2.25399295981103e-20
1.440411, 0.005001, 0.002612, 0.99248556976201, 0, 1, 0, 0.00225432907139704, 0, 1.75310563540858e-20
1.445413, 0.005, 0.00267, 0.99248556976201, 0, 1, 0, 0.00225432907139704, 0, 1.36352660531778e-20
1.450416, 0.005001, 0.002598, 0.99248556976201, 0, 1, 0, 0.00225432907139704, 0, 1.06052069302494e-20
1.455419, 0.005001, 0.002581, 0.99248556976201, 0, 1, 0, 0.00225432907139704, 0, 8.24849427908289e-21
1.460422, 0.005001, 0.002573, 0.99248556976201, 0, 1, 0, 0.00225432907139704, 0, 6.4154955503978e-21
1.465425, 0.005, 0.002658, 0.99248556976201, 0, 1, 0, 0.00225432907139704, 0, 4.98982987253162e-21
1.470428, 0.005, 0.002662, 0.99248556976201, 0, 1, 0, 0.00225432907139704, 0, 3.88097878974682e-21
1.47543, 0.005, 0.002653, 0.99248556976201, 0, 1, 0, 0.00225432907139704, 0, 3.01853905869197e-21
1.480431, 0.005, 0.002653, 0.99248556976201, 0, 1, 0, 0.00225432907139704, 0, 2.34775260120487e-21
1.485434, 0.005, 0.002593, 0.99248556976201, 0, 1, 0, 0.00225432907139704, 0, 1.82602980093712e-21
1.490437, 0.005, 0.002572, 0.99248556976201, 0, 1, 0, 0.00225432907139704, 0, 1.42024540072887e-21
1.495439, 0.005, 0.00256, 0.99248556976201, 0, 1, 0, 0.00225432907139704, 0, 1.10463531167801e-21
1.500442, 0.005001, 0.002669, 0.99248556976201, 0, 1, 0, 0.00225432907139704, 0, 8.59160797971786e-22
1.505476, 0.005032, 0.002535, 0.99248556976201, 0, 1, 0, 0.00225432907139704, 0, 6.68236176200278e-22
1.51048, 0.005, 0.002547, 0.99248556976201, 0, 1, 0, 0.00225432907139704, 0, 5.19739248155772e-22
1.515483, 0.005001, 0.002538, 0.99248556976201, 0, 1, 0, 0.00225432907139704, 0, 4.04241637454489e-22
1.520486, 0.005, 0.002533, 0.99248556976201, 0, 1, 0, 0.00225432907139704, 0, 3.14410162464603e-22
1.525488, 0.005, 0.002529, 0.99248556976201, 0, 1, 0, 0.00225432907139704, 0, 2.44541237472469e-22
1.530491, 0.005, 0.002509, 0.99248556976201, 0, 1, 0, 0.00225432907139704, 0, 1.90198740256365e-22
1.535494, 0.005001, 0.002518, 0.99248556976201, 0, 1, 0, 0.00225432907139704, 0, 1.47932353532728e-22
1.540497, 0.005001, 0.002507, 0.99248556976201, 0, 1, 0, 0.00225432907139704, 0, 1.15058497192122e-22
1.5455, 0.005001, 0.002518, 0.99248556976201, 0, 1, 0, 0.00225432907139704, 0, 8.94899422605391e-23
1.550503, 0.005001, 0.00251, 0.99248556976201, 0, 1, 0, 0.00225432907139704, 0, 6.96032884248638e-23
1.555506, 0.005, 0.002493, 0.99248556976201, 0, 1, 0, 0.00225432907139704, 0, 5.41358909971163e-23
1.560508, 0.005, 0.002505, 0.99248556976201, 0, 1, 0, 0.00225432907139704, 0, 4.21056929977571e-23
1.56551, 0.005, 0.0025, 0.99248556976201, 0, 1, 0, 0.00225432907139704, 0, 3.27488723315889e-23
1.570513, 0.005, 0.002506, 0.99248556976201, 0, 1, 0, 0.00225432907139704, 0, 2.54713451467913e-23
1.575516, 0.005, 0.002481, 0.99248556976201, 0, 1, 0, 0.00225432907139704, 0, 1.98110462252822e-23
1.580519, 0.005001, 0.002505, 0.99248556976201, 0, 1, 0, 0.00225432907139704, 0, 1.54085915085528e-23
1.585522, 0.005001, 0.002498, 0.99248556976201, 0, 1, 0, 0.00225432907139704, 0, 1.19844600622077e-23
1.590525, 0.005, 0.002483, 0.99248556976201, 0, 1, 0, 0.00225432907139704, 0, 9.32124671505045e-24
1.595527, 0.005, 0.002559, 0.99248556976201, 0, 1, 0, 0.00225432907139704, 0, 7.24985855615035e-24
1.60053, 0.005, 0.002488, 0.99248556976201, 0, 1, 0, 0.00225432907139704, 0, 5.63877887700583e-24
1.605533, 0.005001, 0.002478, 0.99248556976201, 0, 1, 0, 0.00225432907139704, 0, 4.38571690433787e-24
1.610535, 0.005, 0.002478, 0.99248556976201, 0, 1, 0, 0.00225432907139704, 0, 3.41111314781834e-24
1.615538, 0.005001, 0.002458, 0.99248556976201, 0, 1, 0, 0.00225432907139704, 0, 2.65308800385871e-24
1.620541, 0.005, 0.002476, 0.99248556976201, 0, 1, 0, 0.00225432907139704, 0, 2.06351289189011e-24
1.625544, 0.005, 0.002478, 0.99248556976201, 0, 1, 0, 0.00225432907139704, 0, 1.60495447147008e-24
1.630547, 0.005001, 0.002466, 0.99248556976201, 0, 1, 0, 0.00225432907139704, 0, 1.24829792225451e-24
1.63555, 0.005001, 0.002533, 0.99248556976201, 0, 1, 0, 0.00225432907139704, 0, 9.7089838397573e-25
1.640553, 0.005, 0.002456, 0.99248556976201, 0, 1, 0, 0.00225432907139704, 0, 7.55143187536679e-25
1.645555, 0.005, 0.002523, 0.99248556976201, 0, 1, 0, 0.00225432907139704, 0, 5.87333590306306e-25
1.650558, 0.005001, 0.002451, 0.99248556976201, 0, 1, 0, 0.00225432907139704, 0, 4.56815014682682e-25
1.655561, 0.005001, 0.002436, 0.99248556976201, 0, 1, 0, 0.00225432907139704, 0, 3.5530056697542e-25
1.660564, 0.005, 0.002459, 0.99248556976201, 0, 1, 0, 0.00225432907139704, 0, 2.76344885425326e-25
1.665566, 0.005, 0.002518, 0.99248556976201, 0, 1, 0, 0.00225432907139704, 0, 2.14934910886365e-25
1.670569, 0.005, 0.002452, 0.99248556976201, 0, 1, 0, 0.00225432907139704, 0, 1.67171597356062e-25
1.675571, 0.005, 0.002514, 0.99248556976201, 0, 1, 0, 0.00225432907139704, 0, 1.30022353499159e-25
1.680574, 0.005001, 0.002456, 0.99248556976201, 0, 1, 0, 0.00225432907139704, 0, 1.01128497166013e-25
1.685577, 0.005, 0.002446, 0.99248556976201, 0, 1, 0, 0.00225432907139704, 0, 7.86554977957876e-26
1.69058, 0.005, 0.002416, 0.99248556976201, 0, 1, 0, 0.00225432907139704, 0, 6.11764982856126e-26
1.695583, 0.005001, 0.002428, 0.99248556976201, 0, 1, 0, 0.00225432907139704, 0, 4.75817208888098e-26
1.700586, 0.005001, 0.002418, 0.99248556976201, 0, 1, 0, 0.00225432907139704, 0, 3.70080051357409e-26
1.705588, 0.005, 0.002437, 0.99248556976201, 0, 1, 0, 0.00225432907139704, 0, 2.87840039944652e-26
1.710591, 0.005, 0.002428, 0.99248556976201, 0, 1, 0, 0.00225432907139704, 0, 2.23875586623618e-26
1.715593, 0.005, 0.002493, 0.99248556976201, 0, 1, 0, 0.00225432907139704, 0, 1.74125456262814e-26
1.720596, 0.005001, 0.002488, 0.99248556976201, 0, 1, 0, 0.00225432907139704, 0, 1.35430910426633e-26
1.725598, 0.005, 0.002487, 0.99248556976201, 0, 1, 0, 0.00225432907139704, 0, 1.05335152554048e-26
1.730601, 0.005001, 0.002417, 0.99248556976201, 0, 1, 0, 0.00225432907139704, 0, 8.19273408753706e-27
1.735604, 0.005001, 0.002389, 0.99248556976201, 0, 1, 0, 0.00225432907139704, 0, 6.37212651252883e-27
1.740607, 0.005, 0.002401, 0.99248556976201, 0, 1, 0, 0.00225432907139704, 0, 4.95609839863353e-27
1.745609, 0.005, 0.002406, 0.99248556976201, 0, 1, 0, 0.00225432907139704, 0, 3.85474319893719e-27
1.750612, 0.005, 0.002401, 0.99248556976201, 0, 1, 0, 0.00225432907139704, 0, 2.99813359917337e-27
1.755615, 0.005001, 0.002472, 0.99248556976201, 0, 1, 0, 0.00225432907139704, 0, 2.33188168824596e-27
1.760617, 0.005, 0.002398, 0.99248556976201, 0, 1, 0, 0.00225432907139704, 0, 1.81368575752463e-27
1.765619, 0.005, 0.00239, 0.99248556976201, 0, 1, 0, 0.00225432907139704, 0, 1.41064447807471e-27
1.770622, 0.005, 0.00239, 0.99248556976201, 0, 1, 0, 0.00225432907139704, 0, 1.09716792739144e-27
1.775625, 0.005001, 0.00237, 0.99248556976201, 0, 1, 0, 0.00225432907139704, 0, 8.53352832415568e-28
1.780627, 0.005, 0.002371, 0.99248556976201, 0, 1, 0, 0.00225432907139704, 0, 6.63718869656553e-28
1.78563, 0.005, 0.002379, 0.99248556976201, 0, 1, 0, 0.00225432907139704, 0, 5.16225787510652e-28
1.790632, 0.005, 0.002362, 0.99248556976201, 0, 1, 0, 0.00225432907139704, 0, 4.01508945841618e-28
1.795635, 0.005, 0.002362, 0.99248556976201, 0, 1, 0, 0.00225432907139704, 0, 3.12284735654592e-28
1.800638, 0.005001, 0.002408, 0.99248556976201, 0, 1, 0, 0.00225432907139704, 0, 2.42888127731349e-28
1.805641, 0.005001, 0.002441, 0.99248556976201, 0, 1, 0, 0.00225432907139704, 0, 1.88912988235494e-28
1.810644, 0.005001, 0.0024, 0.99248556976201, 0, 1, 0, 0.00225432907139704, 0, 1.46932324183162e-28
1.815646, 0.005, 0.002436, 0.99248556976201, 0, 1, 0, 0.00225432907139704, 0, 1.14280696586904e-28
1.820649, 0.005001, 0.002344, 0.99248556976201, 0, 1, 0, 0.00225432907139704, 0, 8.88849862342585e-29
1.825651, 0.005, 0.002428, 0.99248556976201, 0, 1, 0, 0.00225432907139704, 0, 6.91327670710899e-29
1.830654, 0.005, 0.002424, 0.99248556976201, 0, 1, 0, 0.00225432907139704, 0, 5.37699299441811e-29
1.835657, 0.005001, 0.00234, 0.99248556976201, 0, 1, 0, 0.00225432907139704, 0, 4.18210566232519e-29
1.840659, 0.005, 0.002355, 0.99248556976201, 0, 1, 0, 0.00225432907139704, 0, 3.25274884847515e-29
1.845662, 0.005, 0.002346, 0.99248556976201, 0, 1, 0, 0.00225432907139704, 0, 2.52991577103623e-29
1.850665, 0.005001, 0.002413, 0.99248556976201, 0, 1, 0, 0.00225432907139704, 0, 1.96771226636151e-29
1.855668, 0.005001, 0.002332, 0.99248556976201, 0, 1, 0, 0.00225432907139704, 0, 1.53044287383673e-29
1.860671, 0.005, 0.00235, 0.99248556976201, 0, 1, 0, 0.00225432907139704, 0, 1.19034445742857e-29
1.865674, 0.005001, 0.002337, 0.99248556976201, 0, 1, 0, 0.00225432907139704, 0, 9.25823466888886e-30
1.870676, 0.005, 0.002344, 0.99248556976201, 0, 1, 0, 0.00225432907139704, 0, 7.20084918691356e-30
1.875678, 0.005, 0.002333, 0.99248556976201, 0, 1, 0, 0.00225432907139704, 0, 5.60066047871055e-30
1.880681, 0.005, 0.002338, 0.99248556976201, 0, 1, 0, 0.00225432907139704, 0, 4.35606926121932e-30
1.885683, 0.005, 0.002335, 0.99248556976201, 0, 1, 0, 0.00225432907139704, 0, 3.38805386983725e-30
1.890686, 0.005001, 0.002333, 0.99248556976201, 0, 1, 0, 0.00225432907139704, 0, 2.63515300987341e-30
1.895689, 0.005001, 0.002322, 0.99248556976201, 0, 1, 0, 0.00225432907139704, 0, 2.04956345212377e-30
1.900691, 0.005, 0.002335, 0.99248556976201, 0, 1, 0, 0.00225432907139704, 0, 1.59410490720737e-30
1.905694, 0.005, 0.002321, 0.99248556976201, 0, 1, 0, 0.00225432907139704, 0, 1.2398593722724e-30
1.910696, 0.005, 0.002399, 0.99248556976201, 0, 1, 0, 0.00225432907139704, 0, 9.64335067322979e-31
1.915699, 0.005001, 0.00234, 0.99248556976201, 0, 1, 0, 0.00225432907139704, 0, 7.5003838569565e-31
1.920702, 0.005, 0.002293, 0.99248556976201, 0, 1, 0, 0.00225432907139704, 0, 5.83363188874395e-31
1.925705, 0.005, 0.00231, 0.99248556976201, 0, 1, 0, 0.00225432907139704, 0, 4.53726924680085e-31
1.930707, 0.005, 0.002374, 0.99248556976201, 0, 1, 0, 0.00225432907139704, 0, 3.52898719195621e-31
1.93571, 0.005001, 0.002315, 0.99248556976201, 0, 1, 0, 0.00225432907139704, 0, 2.74476781596594e-31
1.940713, 0.005001, 0.002305, 0.99248556976201, 0, 1, 0, 0.00225432907139704, 0, 2.13481941241796e-31
1.945716, 0.005001, 0.002364, 0.99248556976201, 0, 1, 0, 0.00225432907139704, 0, 1.6604150985473e-31
1.950719, 0.005, 0.002278, 0.99248556976201, 0, 1, 0, 0.00225432907139704, 0, 1.29143396553679e-31
1.955722, 0.005001, 0.00236, 0.99248556976201, 0, 1, 0, 0.00225432907139704, 0, 1.00444863986195e-31
1.960725, 0.005001, 0.002292, 0.99248556976201, 0, 1, 0, 0.00225432907139704, 0, 7.81237831003736e-32
1.965728, 0.005, 0.002278, 0.99248556976201, 0, 1, 0, 0.00225432907139704, 0, 6.07629424114017e-32
1.97073, 0.005, 0.002285, 0.99248556976201, 0, 1, 0, 0.00225432907139704, 0, 4.72600663199791e-32
1.975733, 0.005, 0.002259, 0.99248556976201, 0, 1, 0, 0.00225432907139704, 0, 3.67578293599838e-32
1.980736, 0.005001, 0.002284, 0.99248556976201, 0, 1, 0, 0.00225432907139704, 0, 2.85894228355429e-32
1.985738, 0.005, 0.002254, 0.99248556976201, 0, 1, 0, 0.00225432907139704, 0, 2.22362177609778e-32
1.990742, 0.005001, 0.00228, 0.99248556976201, 0, 1, 0, 0.00225432907139704, 0, 1.72948360363161e-32
1.995745, 0.005001, 0.002265, 0.99248556976201, 0, 1, 0, 0.00225432907139704, 0, 1.3451539139357e-32
2.000748, 0.005001, 0.00225, 0.99248556976201, 0, 1, 0, 0.00225432907139704, 0, 1.04623082194999e-32
2.00575, 0.005, 0.002278, 0.99248556976201, 0, 1, 0, 0.00225432907139704, 0, 8.13735083738878e-33
2.010753, 0.005, 0.002257, 0.99248556976201, 0, 1, 0, 0.00225432907139704, 0, 6.32905065130238e-33
2.015755, 0.005, 0.00224, 0.99248556976201, 0, 1, 0, 0.00225432907139704, 0, 4.92259495101296e-33
2.020758, 0.005001, 0.002245, 0.99248556976201, 0, 1, 0, 0.00225432907139704, 0, 3.82868496189897e-33
2.025761, 0.005001, 0.002259, 0.99248556976201, 0, 1, 0, 0.00225432907139704, 0, 2.97786608147698e-33
2.030764, 0.005, 0.002258, 0.99248556976201, 0, 1, 0, 0.00225432907139704, 0, 2.31611806337098e-33
2.035766, 0.005, 0.002244, 0.99248556976201, 0, 1, 0, 0.00225432907139704, 0, 1.80142516039965e-33
2.040769, 0.005001, 0.002248, 0.99248556976201, 0, 1, 0, 0.00225432907139704, 0, 1.40110845808862e-33
2.045772, 0.005001, 0.002307, 0.99248556976201, 0, 1, 0, 0.00225432907139704, 0, 1.08975102295782e-33
2.050775, 0.005, 0.002234, 0.99248556976201, 0, 1, 0, 0.00225432907139704, 0, 8.4758412896719e-34
2.055778, 0.005001, 0.002228, 0.99248556976201, 0, 1, 0, 0.00225432907139704, 0, 6.59232100307814e-34
2.06078, 0.005, 0.002246, 0.99248556976201, 0, 1, 0, 0.00225432907139704, 0, 5.12736078017189e-34
2.065783, 0.005, 0.002229, 0.99248556976201, 0, 1, 0, 0.00225432907139704, 0, 3.98794727346702e-34
2.070785, 0.005, 0.002291, 0.99248556976201, 0, 1, 0, 0.00225432907139704, 0, 3.10173676825213e-34
2.075788, 0.005, 0.002298, 0.99248556976201, 0, 1, 0, 0.00225432907139704, 0, 2.41246193086277e-34
2.08079, 0.005, 0.002291, 0.99248556976201, 0, 1, 0, 0.00225432907139704, 0, 1.87635927955993e-34
2.085794, 0.005001, 0.002221, 0.99248556976201, 0, 1, 0, 0.00225432907139704, 0, 1.45939055076884e-34
2.090797, 0.005001, 0.002281, 0.99248556976201, 0, 1, 0, 0.00225432907139704, 0, 1.13508153948687e-34
2.0958, 0.005001, 0.002192, 0.99248556976201, 0, 1, 0, 0.00225432907139704, 0, 8.82841197378678e-35
2.100802, 0.005, 0.002214, 0.99248556976201, 0, 1, 0, 0.00225432907139704, 0, 6.86654264627861e-35
2.105805, 0.005, 0.002184, 0.99248556976201, 0, 1, 0, 0.00225432907139704, 0, 5.34064428043892e-35
2.110808, 0.005001, 0.002215, 0.99248556976201, 0, 1, 0, 0.00225432907139704, 0, 4.15383444034138e-35
2.115811, 0.005001, 0.002192, 0.99248556976201, 0, 1, 0, 0.00225432907139704, 0, 3.23076012026552e-35
2.120814, 0.005, 0.002211, 0.99248556976201, 0, 1, 0, 0.00225432907139704, 0, 2.51281342687318e-35
2.125816, 0.005, 0.002268, 0.99248556976201, 0, 1, 0, 0.00225432907139704, 0, 1.95441044312358e-35
2.130819, 0.005001, 0.002197, 0.99248556976201, 0, 1, 0, 0.00225432907139704, 0, 1.52009701131834e-35
2.135822, 0.005001, 0.002171, 0.99248556976201, 0, 1, 0, 0.00225432907139704, 0, 1.18229767546982e-35
2.140825, 0.005, 0.002212, 0.99248556976201, 0, 1, 0, 0.00225432907139704, 0, 9.19564858698751e-36
2.145828, 0.005, 0.002191, 0.99248556976201, 0, 1, 0, 0.00225432907139704, 0, 7.15217112321251e-36
2.15083, 0.005, 0.002189, 0.99248556976201, 0, 1, 0, 0.00225432907139704, 0, 5.56279976249862e-36
2.155833, 0.005, 0.002244, 0.99248556976201, 0, 1, 0, 0.00225432907139704, 0, 4.32662203749893e-36
2.160835, 0.005, 0.002182, 0.99248556976201, 0, 1, 0, 0.00225432907139704, 0, 3.36515047361028e-36
2.165838, 0.005, 0.00224, 0.99248556976201, 0, 1, 0, 0.00225432907139704, 0, 2.61733925725244e-36
2.170841, 0.005, 0.002177, 0.99248556976201, 0, 1, 0, 0.00225432907139704, 0, 2.03570831119634e-36
2.175844, 0.005001, 0.002154, 0.99248556976201, 0, 1, 0, 0.00225432907139704, 0, 1.58332868648604e-36
2.180847, 0.005001, 0.002128, 0.99248556976201, 0, 1, 0, 0.00225432907139704, 0, 1.23147786726692e-36
2.185871, 0.005007, 0.002127, 0.99248556976201, 0, 1, 0, 0.00225432907139704, 0, 9.57816118985383e-37
2.190874, 0.005, 0.002135, 0.99248556976201, 0, 1, 0, 0.00225432907139704, 0, 7.44968092544187e-37
2.195877, 0.005, 0.002115, 0.99248556976201, 0, 1, 0, 0.00225432907139704, 0, 5.79419627534368e-37
2.200879, 0.005, 0.002135, 0.99248556976201, 0, 1, 0, 0.00225432907139704, 0, 4.50659710304508e-37
2.205881, 0.005, 0.002137, 0.99248556976201, 0, 1, 0, 0.00225432907139704, 0, 3.50513108014618e-37
2.210883, 0.005, 0.002106, 0.99248556976201, 0, 1, 0, 0.00225432907139704, 0, 2.72621306233591e-37
2.215886, 0.005, 0.002194, 0.99248556976201, 0, 1, 0, 0.00225432907139704, 0, 2.12038793737238e-37
2.220888, 0.005, 0.002106, 0.99248556976201, 0, 1, 0, 0.00225432907139704, 0, 1.64919061795629e-37
2.225891, 0.005001, 0.002115, 0.99248556976201, 0, 1, 0, 0.00225432907139704, 0, 1.28270381396601e-37
2.230894, 0.005, 0.002111, 0.99248556976201, 0, 1, 0, 0.00225432907139704, 0, 9.97658521973561e-38
2.235897, 0.005001, 0.002096, 0.99248556976201, 0, 1, 0, 0.00225432907139704, 0, 7.75956628201658e-38
2.2409, 0.005001, 0.00211, 0.99248556976201, 0, 1, 0, 0.00225432907139704, 0, 6.03521821934623e-38
2.245902, 0.005, 0.002105, 0.99248556976201, 0, 1, 0, 0.00225432907139704, 0, 4.69405861504707e-38
2.250905, 0.005, 0.002176, 0.99248556976201, 0, 1, 0, 0.00225432907139704, 0, 3.65093447836994e-38
2.255908, 0.005, 0.00211, 0.99248556976201, 0, 1, 0, 0.00225432907139704, 0, 2.83961570539884e-38
2.26091, 0.005, 0.002105, 0.99248556976201, 0, 1, 0, 0.00225432907139704, 0, 2.20858999308799e-38
2.265912, 0.005, 0.002088, 0.99248556976201, 0, 1, 0, 0.00225432907139704, 0, 1.71779221684621e-38
2.270915, 0.005, 0.002104, 0.99248556976201, 0, 1, 0, 0.00225432907139704, 0, 1.33606061310261e-38
2.275917, 0.005, 0.002087, 0.99248556976201, 0, 1, 0, 0.00225432907139704, 0, 1.03915825463536e-38
2.280919, 0.005, 0.002098, 0.99248556976201, 0, 1, 0, 0.00225432907139704, 0, 8.08234198049728e-39
2.285922, 0.005001, 0.002181, 0.99248556976201, 0, 1, 0, 0.00225432907139704, 0, 6.28626598483122e-39
2.290924, 0.005, 0.00207, 0.99248556976201, 0, 1, 0, 0.00225432907139704, 0, 4.88931798820206e-39
2.295927, 0.005, 0.002067, 0.99248556976201, 0, 1, 0, 0.00225432907139704, 0, 3.80280287971271e-39
2.300929, 0.005, 0.002093, 0.99248556976201, 0, 1, 0, 0.00225432907139704, 0, 2.95773557310989e-39
2.30593, 0.005, 0.002063, 0.99248556976201, 0, 1, 0, 0.00225432907139704, 0, 2.30046100130769e-39
2.310933, 0.005, 0.002143, 0.99248556976201, 0, 1, 0, 0.00225432907139704, 0, 1.78924744546154e-39
2.315935, 0.005, 0.00214, 0.99248556976201, 0, 1, 0, 0.00225432907139704, 0, 1.39163690202564e-39
2.320937, 0.005, 0.002065, 0.99248556976201, 0, 1, 0, 0.00225432907139704, 0, 1.08238425713105e-39
2.32594, 0.005, 0.002051, 0.99248556976201, 0, 1, 0, 0.00225432907139704, 0, 8.41854422213041e-40
2.330943, 0.005, 0.00206, 0.99248556976201, 0, 1, 0, 0.00225432907139704, 0, 6.54775661721254e-40
2.335945, 0.005, 0.002081, 0.99248556976201, 0, 1, 0, 0.00225432907139704, 0, 5.09269959116531e-40
2.340948, 0.005, 0.002067, 0.99248556976201, 0, 1, 0, 0.00225432907139704, 0, 3.96098857090635e-40
2.345951, 0.005, 0.002052, 0.99248556976201, 0, 1, 0, 0.00225432907139704, 0, 3.08076888848272e-40
2.350954, 0.005001, 0.002066, 0.99248556976201, 0, 1, 0, 0.00225432907139704, 0, 2.396153579931e-40
2.355956, 0.005, 0.002039, 0.99248556976201, 0, 1, 0, 0.00225432907139704, 0, 1.863675006613e-40
2.360959, 0.005001, 0.002051, 0.99248556976201, 0, 1, 0, 0.00225432907139704, 0, 1.44952500514345e-40
2.365962, 0.005, 0.002048, 0.99248556976201, 0, 1, 0, 0.00225432907139704, 0, 1.12740833733379e-40
2.370965, 0.005001, 0.002027, 0.99248556976201, 0, 1, 0, 0.00225432907139704, 0, 8.76873151259616e-41
2.375967, 0.005, 0.002145, 0.99248556976201, 0, 1, 0, 0.00225432907139704, 0, 6.82012450979701e-41
2.38097, 0.005, 0.002047, 0.99248556976201, 0, 1, 0, 0.00225432907139704, 0, 5.30454128539768e-41
2.385973, 0.005, 0.002013, 0.99248556976201, 0, 1, 0, 0.00225432907139704, 0, 4.12575433308708e-41
2.390975, 0.005, 0.002014, 0.99248556976201, 0, 1, 0, 0.00225432907139704, 0, 3.20892003684551e-41
2.395978, 0.005, 0.002013, 0.99248556976201, 0, 1, 0, 0.00225432907139704, 0, 2.49582669532428e-41
2.400981, 0.005001, 0.002012, 0.99248556976201, 0, 1, 0, 0.00225432907139704, 0, 1.94119854080778e-41
2.405983, 0.005, 0.002019, 0.99248556976201, 0, 1, 0, 0.00225432907139704, 0, 1.50982108729494e-41
2.410985, 0.005, 0.002025, 0.99248556976201, 0, 1, 0, 0.00225432907139704, 0, 1.17430529011829e-41
2.415987, 0.005, 0.001999, 0.99248556976201, 0, 1, 0, 0.00225432907139704, 0, 9.13348558980888e-42
2.42099, 0.005001, 0.002017, 0.99248556976201, 0, 1, 0, 0.00225432907139704, 0, 7.10382212540691e-42
2.425993, 0.005, 0.001995, 0.99248556976201, 0, 1, 0, 0.00225432907139704, 0, 5.5251949864276e-42
2.430996, 0.005, 0.002004, 0.99248556976201, 0, 1, 0, 0.00225432907139704, 0, 4.29737387833257e-42
2.435998, 0.005, 0.001992, 0.99248556976201, 0, 1, 0, 0.00225432907139704, 0, 3.34240190536978e-42
2.441, 0.005, 0.002077, 0.99248556976201, 0, 1, 0, 0.00225432907139704, 0, 2.59964592639872e-42
2.446003, 0.005, 0.001996, 0.99248556976201, 0, 1, 0, 0.00225432907139704, 0, 2.02194683164345e-42
2.451005, 0.005, 0.001983, 0.99248556976201, 0, 1, 0, 0.00225432907139704, 0, 1.57262531350046e-42
2.456007, 0.005, 0.001978, 0.99248556976201, 0, 1, 0, 0.00225432907139704, 0, 1.22315302161147e-42
2.461009, 0.005, 0.002, 0.99248556976201, 0, 1, 0, 0.00225432907139704, 0, 9.51341239031142e-43
2.466013, 0.005001, 0.002057, 0.99248556976201, 0, 1, 0, 0.00225432907139704, 0, 7.39932074801999e-43
2.471015, 0.005001, 0.001978, 0.99248556976201, 0, 1, 0, 0.00225432907139704, 0, 5.75502724845999e-43
2.476018, 0.005, 0.001972, 0.99248556976201, 0, 1, 0, 0.00225432907139704, 0, 4.47613230435777e-43
2.481021, 0.005, 0.001983, 0.99248556976201, 0, 1, 0, 0.00225432907139704, 0, 3.48143623672271e-43
2.486024, 0.005001, 0.001976, 0.99248556976201, 0, 1, 0, 0.00225432907139704, 0, 2.70778373967322e-43
2.491026, 0.005, 0.002016, 0.99248556976201, 0, 1, 0, 0.00225432907139704, 0, 2.10605401974584e-43
2.496028, 0.005, 0.001968, 0.99248556976201, 0, 1, 0, 0.00225432907139704, 0, 1.63804201535787e-43
2.50103, 0.005, 0.001988, 0.99248556976201, 0, 1, 0, 0.00225432907139704, 0, 1.27403267861168e-43
2.506033, 0.005, 0.001971, 0.99248556976201, 0, 1, 0, 0.00225432907139704, 0, 9.90914305586862e-44
2.511036, 0.005, 0.001982, 0.99248556976201, 0, 1, 0, 0.00225432907139704, 0, 7.70711126567559e-44
2.516038, 0.005, 0.001953, 0.99248556976201, 0, 1, 0, 0.00225432907139704, 0, 5.99441987330324e-44
2.52104, 0.005, 0.001979, 0.99248556976201, 0, 1, 0, 0.00225432907139704, 0, 4.66232656812474e-44
2.526043, 0.005001, 0.001951, 0.99248556976201, 0, 1, 0, 0.00225432907139704, 0, 3.62625399743036e-44
2.531046, 0.005, 0.001968, 0.99248556976201, 0, 1, 0, 0.00225432907139704, 0, 2.82041977577917e-44
2.536049, 0.005, 0.001962, 0.99248556976201, 0, 1, 0, 0.00225432907139704, 0, 2.19365982560602e-44
2.541051, 0.005, 0.001956, 0.99248556976201, 0, 1, 0, 0.00225432907139704, 0, 1.70617986436024e-44
2.546054, 0.005001, 0.001933, 0.99248556976201, 0, 1, 0, 0.00225432907139704, 0, 1.32702878339129e-44
2.551057, 0.005001, 0.00194, 0.99248556976201, 0, 1, 0, 0.00225432907139704, 0, 1.03213349819323e-44
2.55606, 0.005, 0.002019, 0.99248556976201, 0, 1, 0, 0.00225432907139704, 0, 8.02770498594734e-45
2.561062, 0.005001, 0.001949, 0.99248556976201, 0, 1, 0, 0.00225432907139704, 0, 6.24377054462571e-45
2.566065, 0.005001, 0.001922, 0.99248556976201, 0, 1, 0, 0.00225432907139704, 0, 4.85626597915333e-45
2.571068, 0.005, 0.001931, 0.99248556976201, 0, 1, 0, 0.00225432907139704, 0, 3.7770957615637e-45
2.57607, 0.005, 0.002009, 0.99248556976201, 0, 1, 0, 0.00225432907139704, 0, 2.93774114788288e-45
2.581073, 0.005, 0.001944, 0.99248556976201, 0, 1, 0, 0.00225432907139704, 0, 2.28490978168668e-45
2.586075, 0.005, 0.001944, 0.99248556976201, 0, 1, 0, 0.00225432907139704, 0, 1.77715205242298e-45
2.591078, 0.005, 0.001916, 0.99248556976201, 0, 1, 0, 0.00225432907139704, 0, 1.38222937410676e-45
2.596081, 0.005001, 0.00191, 0.99248556976201, 0, 1, 0, 0.00225432907139704, 0, 1.07506729097192e-45
2.601083, 0.005, 0.001906, 0.99248556976201, 0, 1, 0, 0.00225432907139704, 0, 8.36163448533718e-46
2.606086, 0.005, 0.001979, 0.99248556976201, 0, 1, 0, 0.00225432907139704, 0, 6.50349348859559e-46
2.611089, 0.005001, 0.001927, 0.99248556976201, 0, 1, 0, 0.00225432907139704, 0, 5.05827271335212e-46
2.616092, 0.005001, 0.001899, 0.99248556976201, 0, 1, 0, 0.00225432907139704, 0, 3.93421211038498e-46
2.621094, 0.005, 0.001978, 0.99248556976201, 0, 1, 0, 0.00225432907139704, 0, 3.05994275252165e-46
2.626097, 0.005, 0.001906, 0.99248556976201, 0, 1, 0, 0.00225432907139704, 0, 2.37995547418351e-46
2.631099, 0.005, 0.001985, 0.99248556976201, 0, 1, 0, 0.00225432907139704, 0, 1.85107647992051e-46
2.636102, 0.005, 0.001911, 0.99248556976201, 0, 1, 0, 0.00225432907139704, 0, 1.43972615104928e-46
2.641104, 0.005, 0.001902, 0.99248556976201, 0, 1, 0, 0.00225432907139704, 0, 1.11978700637166e-46
2.646106, 0.005, 0.001878, 0.99248556976201, 0, 1, 0, 0.00225432907139704, 0, 8.70945449400184e-47
2.651109, 0.005001, 0.001905, 0.99248556976201, 0, 1, 0, 0.00225432907139704, 0, 6.77402016200143e-47
2.656112, 0.005001, 0.001876, 0.99248556976201, 0, 1, 0, 0.00225432907139704, 0, 5.26868234822333e-47
2.661116, 0.005001, 0.00196, 0.99248556976201, 0, 1, 0, 0.00225432907139704, 0, 4.09786404861815e-47
2.666119, 0.005001, 0.001869, 0.99248556976201, 0, 1, 0, 0.00225432907139704, 0, 3.18722759336967e-47
2.671121, 0.005, 0.001881, 0.99248556976201, 0, 1, 0, 0.00225432907139704, 0, 2.47895479484308e-47
2.676124, 0.005, 0.001889, 0.99248556976201, 0, 1, 0, 0.00225432907139704, 0, 1.92807595154462e-47
2.681126, 0.005, 0.001888, 0.99248556976201, 0, 1, 0, 0.00225432907139704, 0, 1.49961462897915e-47
2.68613, 0.005001, 0.001934, 0.99248556976201, 0, 1, 0, 0.00225432907139704, 0, 1.16636693365045e-47
2.691132, 0.005, 0.001892, 0.99248556976201, 0, 1, 0, 0.00225432907139704, 0, 9.07174281728125e-48
2.696135, 0.005, 0.001876, 0.99248556976201, 0, 1, 0, 0.00225432907139704, 0, 7.05579996899653e-48
2.701137, 0.005, 0.001865, 0.99248556976201, 0, 1, 0, 0.00225432907139704, 0, 5.48784442033063e-48
2.70614, 0.005001, 0.001853, 0.99248556976201, 0, 1, 0, 0.00225432907139704, 0, 4.26832343803494e-48
2.711143, 0.005, 0.001848, 0.99248556976201, 0, 1, 0, 0.00225432907139704, 0, 3.31980711847162e-48
2.716145, 0.005, 0.001932, 0.99248556976201, 0, 1, 0, 0.00225432907139704, 0, 2.5820722032557e-48
2.721148, 0.005, 0.001856, 0.99248556976201, 0, 1, 0, 0.00225432907139704, 0, 2.00827838030999e-48
2.726151, 0.005001, 0.001832, 0.99248556976201, 0, 1, 0, 0.00225432907139704, 0, 1.56199429579666e-48
2.731153, 0.005, 0.00285, 0.99248556976201, 0, 1, 0, 0.00225432907139704, 0, 1.21488445228629e-48
2.736156, 0.005, 0.002858, 0.99248556976201, 0, 1, 0, 0.00225432907139704, 0, 9.44910129556004e-49
2.741159, 0.005, 0.00284, 0.99248556976201, 0, 1, 0, 0.00225432907139704, 0, 7.34930100765781e-49
2.746162, 0.005001, 0.002822, 0.99248556976201, 0, 1, 0, 0.00225432907139704, 0, 5.71612300595607e-49
2.751164, 0.005, 0.002843, 0.99248556976201, 0, 1, 0, 0.00225432907139704, 0, 4.44587344907695e-49
2.756167, 0.005, 0.002844, 0.99248556976201, 0, 1, 0, 0.00225432907139704, 0, 3.45790157150429e-49
2.76117, 0.005, 0.002841, 0.99248556976201, 0, 1, 0, 0.00225432907139704, 0, 2.68947900005889e-49
2.766173, 0.005, 0.002836, 0.99248556976201, 0, 1, 0, 0.00225432907139704, 0, 2.09181700004581e-49
2.771176, 0.005001, 0.002821, 0.99248556976201, 0, 1, 0, 0.00225432907139704, 0, 1.62696877781341e-49
2.776178, 0.005, 0.001837, 0.99248556976201, 0, 1, 0, 0.00225432907139704, 0, 1.26542016052154e-49
2.781181, 0.005, 0.001835, 0.99248556976201, 0, 1, 0, 0.00225432907139704, 0, 9.8421568040564e-50
2.786183, 0.005, 0.001809, 0.99248556976201, 0, 1, 0, 0.00225432907139704, 0, 7.65501084759942e-50
2.791185, 0.005, 0.001837, 0.99248556976201, 0, 1, 0, 0.00225432907139704, 0, 5.95389732591066e-50
2.796188, 0.005, 0.001798, 0.99248556976201, 0, 1, 0, 0.00225432907139704, 0, 4.63080903126385e-50
2.80119, 0.005, 0.001805, 0.99248556976201, 0, 1, 0, 0.00225432907139704, 0, 3.60174035764966e-50
2.806192, 0.005, 0.001802, 0.99248556976201, 0, 1, 0, 0.00225432907139704, 0, 2.80135361150529e-50
2.811195, 0.005, 0.001806, 0.99248556976201, 0, 1, 0, 0.00225432907139704, 0, 2.17883058672634e-50
2.816198, 0.005, 0.001872, 0.99248556976201, 0, 1, 0, 0.00225432907139704, 0, 1.69464601189826e-50
2.821201, 0.005, 0.001809, 0.99248556976201, 0, 1, 0, 0.00225432907139704, 0, 1.3180580092542e-50
2.826203, 0.005, 0.001809, 0.99248556976201, 0, 1, 0, 0.00225432907139704, 0, 1.02515622941994e-50
2.831205, 0.005, 0.001809, 0.99248556976201, 0, 1, 0, 0.00225432907139704, 0, 7.97343733993284e-51
2.836208, 0.005, 0.001781, 0.99248556976201, 0, 1, 0, 0.00225432907139704, 0, 6.20156237550332e-51
2.841211, 0.005, 0.00178, 0.99248556976201, 0, 1, 0, 0.00225432907139704, 0, 4.82343740316925e-51
2.846213, 0.005, 0.002856, 0.99248556976201, 0, 1, 0, 0.00225432907139704, 0, 3.7515624246872e-51
2.851216, 0.005, 0.002778, 0.99248556976201, 0, 1, 0, 0.00225432907139704, 0, 2.91788188586782e-51
2.856219, 0.005, 0.002792, 0.99248556976201, 0, 1, 0, 0.00225432907139704, 0, 2.2694636890083e-51
2.861222, 0.005001, 0.00279, 0.99248556976201, 0, 1, 0, 0.00225432907139704, 0, 1.76513842478424e-51
2.866224, 0.005, 0.002778, 0.99248556976201, 0, 1, 0, 0.00225432907139704, 0, 1.37288544149885e-51
2.871227, 0.005, 0.002768, 0.99248556976201, 0, 1, 0, 0.00225432907139704, 0, 1.06779978783244e-51
2.87623, 0.005001, 0.002781, 0.99248556976201, 0, 1, 0, 0.00225432907139704, 0, 8.30510946091897e-52
2.881233, 0.005, 0.002765, 0.99248556976201, 0, 1, 0, 0.00225432907139704, 0, 6.45952958071475e-52
2.886235, 0.005, 0.002751, 0.99248556976201, 0, 1, 0, 0.00225432907139704, 0, 5.02407856277814e-52
2.891238, 0.005, 0.002751, 0.99248556976201, 0, 1, 0, 0.00225432907139704, 0, 3.90761665993856e-52
2.89624, 0.005, 0.002768, 0.99248556976201, 0, 1, 0, 0.00225432907139704, 0, 3.03925740217443e-52
2.901243, 0.005, 0.002762, 0.99248556976201, 0, 1, 0, 0.00225432907139704, 0, 2.36386686835789e-52
2.906245, 0.005, 0.002748, 0.99248556976201, 0, 1, 0, 0.00225432907139704, 0, 1.83856311983392e-52
2.911247, 0.005, 0.00277, 0.99248556976201, 0, 1, 0, 0.00225432907139704, 0, 1.4299935376486e-52
2.91625, 0.005, 0.002827, 0.99248556976201, 0, 1, 0, 0.00225432907139704, 0, 1.11221719594891e-52
2.921253, 0.005001, 0.002749, 0.99248556976201, 0, 1, 0, 0.00225432907139704, 0, 8.65057819071376e-53
2.926255, 0.005, 0.002736, 0.99248556976201, 0, 1, 0, 0.00225432907139704, 0, 6.72822748166626e-53
2.931258, 0.005001, 0.002817, 0.99248556976201, 0, 1, 0, 0.00225432907139704, 0, 5.23306581907376e-53
2.93626, 0.005, 0.002814, 0.99248556976201, 0, 1, 0, 0.00225432907139704, 0, 4.07016230372403e-53
2.941263, 0.005001, 0.00272, 0.99248556976201, 0, 1, 0, 0.00225432907139704, 0, 3.16568179178536e-53
2.946265, 0.005, 0.002718, 0.99248556976201, 0, 1, 0, 0.00225432907139704, 0, 2.46219694916639e-53
2.951268, 0.005, 0.002719, 0.99248556976201, 0, 1, 0, 0.00225432907139704, 0, 1.91504207157386e-53
2.956271, 0.005001, 0.002716, 0.99248556976201, 0, 1, 0, 0.00225432907139704, 0, 1.48947716677967e-53
2.961274, 0.005001, 0.002809, 0.99248556976201, 0, 1, 0, 0.00225432907139704, 0, 1.15848224082863e-53
2.966276, 0.005, 0.002726, 0.99248556976201, 0, 1, 0, 0.00225432907139704, 0, 9.01041742866713e-54
2.971279, 0.005, 0.002798, 0.99248556976201, 0, 1, 0, 0.00225432907139704, 0, 7.00810244451888e-54
2.976282, 0.005001, 0.002734, 0.99248556976201, 0, 1, 0, 0.00225432907139704, 0, 5.45074634573691e-54
2.981285, 0.005, 0.002728, 0.99248556976201, 0, 1, 0, 0.00225432907139704, 0, 4.2394693800176e-54
2.986287, 0.005, 0.002777, 0.99248556976201, 0, 1, 0, 0.00225432907139704, 0, 3.29736507334702e-54
2.991291, 0.005001, 0.00271, 0.99248556976201, 0, 1, 0, 0.00225432907139704, 0, 2.5646172792699e-54
2.996293, 0.005, 0.002717, 0.99248556976201, 0, 1, 0, 0.00225432907139704, 0, 1.99470232832104e-54
3.001296, 0.005001, 0.002692, 0.99248556976201, 0, 1, 0, 0.00225432907139704, 0, 1.5514351442497e-54
3.006299, 0.005, 0.002696, 0.99248556976201, 0, 1, 0, 0.00225432907139704, 0, 1.20667177886087e-54
3.011301, 0.005, 0.002704, 0.99248556976201, 0, 1, 0, 0.00225432907139704, 0, 9.38522494669569e-55
3.016303, 0.005, 0.002702, 0.99248556976201, 0, 1, 0, 0.00225432907139704, 0, 7.29961940298553e-55
3.021305, 0.005, 0.002677, 0.99248556976201, 0, 1, 0, 0.00225432907139704, 0, 5.67748175787764e-55
3.026307, 0.005, 0.002677, 0.99248556976201, 0, 1, 0, 0.00225432907139704, 0, 4.41581914501594e-55
3.03131, 0.005, 0.002677, 0.99248556976201, 0, 1, 0, 0.00225432907139704, 0, 3.43452600167907e-55
3.036312, 0.005, 0.009689, 0.99248556976201, 0, 1, 0, 0.00225432907139704, 0, 2.67129800130594e-55
3.046022, 0.009707, 0.003123, 0.99248556976201, 0, 1, 0, 0.00225432907139704, 0, 2.07767622323795e-55
3.051026, 0.005001, 0.001994, 0.99248556976201, 0, 1, 0, 0.00225432907139704, 0, 1.61597039585174e-55
3.056029, 0.005, 0.001993, 0.99248556976201, 0, 1, 0, 0.00225432907139704, 0, 1.25686586344024e-55
3.061032, 0.005001, 0.001955, 0.99248556976201, 0, 1, 0, 0.00225432907139704, 0, 9.775623382313e-56
3.066034, 0.005, 0.001958, 0.99248556976201, 0, 1, 0, 0.00225432907139704, 0, 7.60326263068789e-56
3.071036, 0.005, 0.001945, 0.99248556976201, 0, 1, 0, 0.00225432907139704, 0, 5.91364871275725e-56
3.076039, 0.005, 0.00197, 0.99248556976201, 0, 1, 0, 0.00225432907139704, 0, 4.59950455436675e-56
3.081041, 0.005, 0.00195, 0.99248556976201, 0, 1, 0, 0.00225432907139704, 0, 3.57739243117414e-56
3.086044, 0.005001, 0.001951, 0.99248556976201, 0, 1, 0, 0.00225432907139704, 0, 2.78241633535766e-56
3.091047, 0.005, 0.001947, 0.99248556976201, 0, 1, 0, 0.00225432907139704, 0, 2.16410159416707e-56
3.09605, 0.005, 0.001963, 0.99248556976201, 0, 1, 0, 0.00225432907139704, 0, 1.68319012879661e-56