0.004996, 0.005, 0.00212, -0.782330201821677, 0, 1, 0, 0.891165100910839, 0, 0
0.009999, 0.005, 0.002057, -0.782330201821677, 0, 1, 0, 0.891165100910839, 0, 0
0.015001, 0.005, 0.002281, -0.782330201821677, 0, 1, 0, 0.891165100910839, 0, 0
0.020003, 0.005, 0.002074, -0.782330201821677, 0.0239808239224021, 1, 0, 0.890925292671615, 0, 0
0.025007, 0.005001, 0.002155, -0.776194278670134, 0.239808239224021, 1, 0, 0.885699056942827, 1.22718463030851, 0.136353847812057
0.030009, 0.005, 0.00203, -0.757786509215507, 0.719424717672063, 1, 0, 0.871699007431033, 3.68155389092555, 0.651468383990939
0.035012, 0.005, 0.002058, -0.731708835821451, 1.43884943534413, 1, 0, 0.851465923557284, 5.21553467881117, 1.49526302863037
0.040015, 0.005001, 0.002048, -0.699495239275852, 2.3501207443954, 1, 0, 0.826246412193972, 6.4427193091197, 2.45834390981594
0.04505, 0.005032, 0.001996, -0.664213681154483, 3.35731534913629, 1, 0, 0.798533687085878, 7.05631162427394, 3.4119375891228
0.050052, 0.005, 0.002003, -0.630466103820999, 4.41247160172198, 1, 0, 0.77110833589328, 6.74951546669682, 4.18771002387004
0.055055, 0.005001, 0.002051, -0.593650564911743, 5.39568538254047, 1, 0, 0.742868428630467, 7.36310778185107, 4.82517704618202
0.060058, 0.005, 0.00199, -0.555301045214602, 6.18705257197974, 1, 0, 0.715779996887504, 7.66990393942821, 5.42325011606149
0.065061, 0.005001, 0.001993, -0.515417544729575, 6.71463069827259, 1, 0, 0.690562465382062, 7.97670009700533, 5.95659498320711
0.070064, 0.005, 0.001982, -0.47860200582032, 7.05036223318622, 1, 0, 0.668797380578298, 7.36310778185109, 6.3373303068118
0.075067, 0.005001, 0.002029, -0.441786466911065, 7.24220882456543, 1, 0, 0.648471145209878, 7.36310778185107, 6.56528085682053
0.08007, 0.005, 0.001962, -0.403436947213924, 7.38609376809984, 1, 0, 0.627857535925963, 7.6699039394282, 6.77666419100255
0.085073, 0.005001, 0.001955, -0.342077715698498, 7.45803623986705, 1, 0, 0.596458495450578, 12.2718463030851, 7.48648884217013
0.090076, 0.005, 0.001961, -0.303728196001357, 7.50599788771185, 1, 0, 0.57680411912356, 7.6699039394282, 8.03857468196714
0.095078, 0.005, 0.001988, -0.265378676304216, 7.52997871163426, 1, 0, 0.557389551035765, 7.66990393942821, 7.95664785029182
0.100081, 0.005001, 0.001955, -0.227029156607075, 7.55395953555666, 1, 0, 0.537974982947971, 7.6699039394282, 7.89292698121102
0.105084, 0.005, 0.00196, -0.188679636909934, 7.60192118340146, 1, 0, 0.518320606620952, 7.66990393942821, 7.84336630525928
0.110086, 0.005, 0.001945, -0.151864098000678, 7.57794035947906, 1, 0, 0.500152645405549, 7.36310778185107, 7.77073065089936
0.115089, 0.005, 0.001991, -0.113514578303537, 7.55395953555666, 1, 0, 0.481217693796202, 7.66990393942821, 7.71423625306387
0.120091, 0.005, 0.001968, -0.0720970970306251, 7.55395953555666, 1, 0, 0.460508953159746, 8.28349625458246, 7.77256155171753
0.125095, 0.005001, 0.001976, -0.0306796157577128, 7.57794035947906, 1, 0, 0.439560404284066, 8.28349625458246, 7.88610259679862
0.130098, 0.005001, 0.001949, -0.0153398078788564, 7.52997871163426, 1, 0, 0.432370116823086, 3.06796157577128, 7.39490844532712
0.1351, 0.005, 0.001969, 0.0460194236365692, 7.50599788771185, 1, 0, 0.401930309304597, 12.2718463030851, 7.45601855512736
0.140103, 0.005, 0.001953, 0.0859029241215959, 7.50599788771185, 1, 0, 0.381988559062084, 7.97670009700533, 8.04896403177578
0.145105, 0.005, 0.001929, 0.125786424606623, 7.55395953555666, 1, 0, 0.361567192341122, 7.97670009700533, 8.03290537960457
0.150108, 0.005001, 0.001944, 0.162601963515878, 7.55395953555666, 1, 0, 0.343159422886494, 7.36310778185108, 7.95223839289871
0.155111, 0.005, 0.001983, 0.200951483213019, 7.55395953555666, 1, 0, 0.323984663037924, 7.66990393942821, 7.85540894128559
0.160113, 0.005, 0.001943, 0.240834983698046, 7.55395953555666, 1, 0, 0.304042912795411, 7.97670009700533, 7.84827406949251
0.165116, 0.005001, 0.001936, 0.277650522607301, 7.60192118340146, 1, 0, 0.285155526862335, 7.36310778185108, 7.80863626281156
0.170119, 0.005, 0.001908, 0.316000042304442, 7.60192118340146, 1, 0, 0.265980767013764, 7.6699039394282, 7.74371839566224
0.175123, 0.005001, 0.002031, 0.352815581213697, 7.57794035947906, 1, 0, 0.247812805798361, 7.36310778185109, 7.69322672121278
0.180126, 0.005001, 0.001911, 0.375825293031982, 7.57794035947906, 1, 0, 0.236307949889218, 4.60194236365692, 7.31307079933305
0.185128, 0.005, 0.0019, 0.42951462060798, 7.60192118340146, 1, 0, 0.209223477861996, 10.7378655151995, 7.39236705268753
0.190132, 0.005001, 0.001915, 0.475534044244549, 7.60192118340146, 1, 0, 0.186213766043711, 9.20388472731385, 7.96536884570289
0.195134, 0.005, 0.001928, 0.512349583153804, 7.60192118340146, 1, 0, 0.167805996589083, 7.36310778185109, 8.03606382545391
0.200137, 0.005, 0.00191, 0.54916512206306, 7.57794035947906, 1, 0, 0.14963803537368, 7.36310778185107, 7.88651803798661
0.205141, 0.005001, 0.001912, 0.589048622548086, 7.60192118340146, 1, 0, 0.129456476891942, 7.97670009700533, 7.8383815716403
0.210143, 0.005, 0.001895, 0.627398142245227, 7.62590200732386, 1, 0, 0.110041908804148, 7.66990393942821, 7.8350305597684
0.215146, 0.005, 0.001942, 0.664213681154483, 7.62590200732386, 1, 0, 0.09163413934952, 7.36310778185107, 7.76424729329535
0.220149, 0.005, 0.001882, 0.701029220063738, 7.60192118340146, 1, 0, 0.0734661781341164, 7.36310778185107, 7.67510517964106
0.225152, 0.005, 0.001936, 0.740912720548765, 7.60192118340146, 1, 0, 0.053524427891603, 7.97670009700533, 7.67394934848265
0.230154, 0.005, 0.001881, 0.77772825945802, 7.62590200732386, 1, 0, 0.0348768501977513, 7.36310778185107, 7.67305036869277
0.235157, 0.005, 0.001927, 0.816077779155161, 7.60192118340146, 1, 0, 0.0159418985884048, 7.66990393942821, 7.63826270023652
0.240159, 0.005, 0.001895, 0.854427298852302, 7.57794035947906, 1, 0, -0.00299305302094169, 7.66990393942821, 7.64529408672357
0.245162, 0.005, 0.001895, 0.891242837761558, 7.57794035947906, 1, 0, -0.0214008224755694, 7.36310778185107, 7.61667448092714
0.250165, 0.005, 0.001883, 0.928058376670813, 7.57794035947906, 1, 0, -0.0398085919301971, 7.36310778185107, 7.5603263255769
0.255167, 0.005, 0.001921, 0.966407896367954, 7.57794035947906, 1, 0, -0.0589833517787676, 7.66990393942821, 7.55058844447973
0.26017, 0.005, 0.001857, 1.00168945448932, 7.52997871163426, 1, 0, -0.0761445143610045, 7.05631162427396, 7.5089260750067
0.265173, 0.005, 0.001856, 1.03850499339858, 7.45803623986705, 1, 0, -0.09383285909796, 7.36310778185105, 7.44243354790799
0.270176, 0.005, 0.001861, 1.07378655151995, 7.38609376809984, 1, 0, -0.110754213440973, 7.05631162427394, 7.39071713794232
0.275179, 0.005001, 0.001896, 1.10753412885343, 7.26618964848783, 1, 0, -0.126428960911595, 6.74951546669682, 7.28231633961856
0.280181, 0.005, 0.001861, 1.14128170618692, 7.17026635279822, 1, 0, -0.142343516621441, 6.74951546669682, 7.16391614563595
0.285184, 0.005001, 0.001882, 1.17196132194463, 7.05036223318622, 1, 0, -0.156484283304177, 6.13592315154259, 7.00365018196567
0.290188, 0.005001, 0.001845, 1.19957297612657, 6.83453481788459, 1, 0, -0.168131836242132, 5.52233083638831, 6.74264502907673
0.29519, 0.005, 0.001959, 1.22258268794486, 6.54676493081577, 1, 0, -0.176758993280586, 4.60194236365692, 6.36919871150915
0.300193, 0.005, 0.001868, 1.24405841897526, 6.21103339590214, 1, 0, -0.184139543446649, 4.2951462060798, 5.94238661670009
0.305195, 0.005, 0.00188, 1.260932207642, 5.7553977413765, 1, 0, -0.188020081234764, 3.37475773334841, 5.47406780625876
0.310198, 0.005, 0.001941, 1.27473803473297, 5.20383879116125, 1, 0, -0.189407405278096, 2.76116541819413, 4.93937753281709
0.315201, 0.005001, 0.001866, 1.28394191946028, 4.5803373691788, 1, 0, -0.187774333421929, 1.84077694546279, 4.35306501037518
0.320204, 0.005, 0.001849, 1.29007784261182, 3.90887429935154, 1, 0, -0.184127664299428, 1.22718463030851, 3.72660184982195
0.325207, 0.005, 0.00183, 1.29161182339971, 3.06954546206747, 1, 0, -0.17650136632053, 0.306796157577116, 3.06891041518214
0.33021, 0.005, 0.001816, 1.29007784261182, 2.3501207443954, 1, 0, -0.168540128749866, -0.306796157577116, 2.38693032291944
0.335212, 0.005, 0.001883, 1.28547590024817, 1.63069602672334, 1, 0, -0.159044910391317, -0.920388472731393, 1.72014751445862
0.340215, 0.005, 0.001837, 1.27627201552085, 0.911271309051279, 1, 0, -0.14724872085094, -1.84077694546274, 1.03109635366847
0.345218, 0.005, 0.001805, 1.26553415000565, 0.215827415301619, 1, 0, -0.134925349155843, -2.1475731030399, 0.358813825241848
0.35022, 0.005, 0.00289, 1.25326230370257, -0.45563565452564, 1, 0, -0.122074795306028, -2.45436926061706, -0.23224950966267
0.355223, 0.005, 0.00284, 1.24405841897526, -1.07913707650809, 1, 0, -0.111237838722547, -1.84077694546274, -0.65787697485761
0.360226, 0.005, 0.002825, 1.22718463030851, -1.67865767456815, 1, 0, -0.096805738408575, -3.37475773334841, -1.09118594475716
0.365228, 0.005, 0.002825, 1.20570889927811, -2.23021662478339, 1, 0, -0.080552283391223, -4.2951462060798, -1.70091172808092
0.370231, 0.005001, 0.002852, 1.1857671490356, -2.73381392715384, 1, 0, -0.0655454352462619, -3.98835004850269, -2.24331981679433
0.375234, 0.005, 0.002809, 1.16275743721732, -3.18944958167948, 1, 0, -0.0494842227918632, -4.60194236365692, -2.69928123663554
0.380236, 0.005, 0.002811, 1.13974772539903, -3.57314276443791, 1, 0, -0.0341424350551366, -4.60194236365692, -3.12209482041807
0.385239, 0.005, 0.002832, 1.11673801358075, -3.93285512327394, 1, 0, -0.019040455557634, -4.60194236365692, -3.4509498300267
0.390242, 0.005001, 0.002903, 1.09219432097458, -4.22062501034277, 1, 0, -0.00389091038386061, -4.90873852123404, -3.74081441056421
0.395244, 0.005, 0.002802, 1.06611664758052, -4.46043324956679, 1, 0, 0.0115460087054076, -5.2155346788112, -4.03444156377719
0.400247, 0.005, 0.001778, 1.04157295497435, -4.65227984094601, 1, 0, 0.0257363209222848, -4.90873852123404, -4.26281823849839
0.40525, 0.005, 0.002859, 1.00475741606509, -4.77218396055802, 1, 0, 0.0453431315730327, -7.3631077818511, -4.67906377473043
0.410253, 0.005, 0.002843, 0.990951588974124, -4.84412643232522, 1, 0, 0.0529654698361901, -2.76116541819416, -4.76419106923981
0.415256, 0.005, 0.002775, 0.966407896367954, -4.89208808017003, 1, 0, 0.0657169326177233, -4.90873852123404, -4.55769349156743
0.420259, 0.005, 0.002797, 0.943398184549669, -4.89208808017003, 1, 0, 0.0772217885268656, -4.60194236365694, -4.601615036207
0.425261, 0.005, 0.002808, 0.920388472731385, -4.84412643232522, 1, 0, 0.0882470279575599, -4.60194236365692, -4.60168777564032
0.430263, 0.005, 0.002834, 0.900446722488871, -4.72422231271321, 1, 0, 0.0970188618826964, -3.98835004850266, -4.53356742684909
0.435266, 0.005, 0.002784, 0.882038953034244, -4.5803373691788, 1, 0, 0.104783897174666, -3.68155389092555, -4.37831954748576
0.440269, 0.005, 0.002776, 0.865165164367502, -4.34052912995478, 1, 0, 0.110822709115797, -3.37475773334841, -4.18939427296381
0.445273, 0.005001, 0.002776, 0.849825356488645, -4.07674006680835, 1, 0, 0.115854722423761, -3.06796157577127, -3.97427546887404
0.450276, 0.005001, 0.002826, 0.836019529397674, -3.78897017973953, 1, 0, 0.119879937098558, -2.76116541819416, -3.73878391956485
0.455279, 0.005, 0.002783, 0.826815644670361, -3.4292578209035, 1, 0, 0.120884755873855, -1.84077694546276, -3.41926997784566
0.460282, 0.005, 0.002828, 0.817611759943047, -3.04556463814507, 1, 0, 0.121649766409927, -1.84077694546279, -3.06849374842724
0.465284, 0.005, 0.002785, 0.811475836791504, -2.61390980754183, 1, 0, 0.120401179679666, -1.22718463030851, -2.72749086830688
0.470287, 0.005, 0.002822, 0.808407875215733, -2.20623580086099, 1, 0, 0.117858420400743, -0.613592315154254, -2.32591255817899
0.47529, 0.005001, 0.002762, 0.806873894427847, -1.75060014633535, 1, 0, 0.11406905424943, -0.306796157577116, -1.91130848666493
0.480294, 0.005001, 0.002777, 0.808407875215733, -1.29496449180971, 1, 0, 0.108745707310231, 0.306796157577116, -1.48657326740605
0.485296, 0.005, 0.002727, 0.811475836791504, -0.839328837284073, 1, 0, 0.102655369977089, 0.613592315154254, -1.05395826656789
0.490298, 0.005, 0.002809, 0.816077779155161, -0.383693182758433, 1, 0, 0.0957980422500038, 0.920388472731393, -0.64930300867662
0.495302, 0.005001, 0.002753, 0.823747683094589, 0.0479616478448042, 1, 0, 0.0876465419742573, 1.53398078788565, -0.232305755568811
0.500304, 0.005, 0.002757, 0.832951567821903, 0.479616478448042, 1, 0, 0.078728051304568, 1.84077694546276, 0.194290827151859
0.505308, 0.005001, 0.002761, 0.843689433337103, 0.887290485128877, 1, 0, 0.0692823784801599, 2.1475731030399, 0.594265093173964
0.51031, 0.005, 0.002771, 0.855961279640188, 1.27098366788731, 1, 0, 0.059309523501033, 2.45436926061702, 0.973533112874963
0.515313, 0.005, 0.00274, 0.869767106731159, 1.63069602672334, 1, 0, 0.0488094863671873, 2.76116541819416, 1.33669627432621
0.520316, 0.005, 0.002737, 0.883572933822129, 1.96642756163697, 1, 0, 0.0385492574725656, 2.76116541819416, 1.65324497296353
0.525318, 0.005, 0.002737, 0.898912741700986, 2.2541974487058, 1, 0, 0.0280016546624492, 3.06796157577127, 1.93353797830113
0.530321, 0.005, 0.002781, 0.914252549579842, 2.49400568792982, 1, 0, 0.0179336683307808, 3.06796157577129, 2.18563211107227
0.535324, 0.005, 0.002724, 0.931126338246584, 2.70983310323144, 1, 0, 0.00733849984439354, 3.37475773334841, 2.41579378740285
0.540327, 0.005, 0.0027, 0.946466146125441, 2.87769887068825, 1, 0, -0.00201006176960278, 3.06796157577127, 2.59480842454885
0.545329, 0.005, 0.002704, 0.963339934792183, 2.99760299030026, 1, 0, -0.0116459972990939, 3.37475773334841, 2.73404203121796
0.550331, 0.005, 0.002766, 0.978679742671039, 3.11750710991227, 1, 0, -0.0205149424346423, 3.06796157577129, 2.84233483640504
0.555334, 0.005, 0.002722, 0.995553531337781, 3.16546875775708, 1, 0, -0.0294314532464613, 3.37475773334841, 2.92656257377278
0.560338, 0.005001, 0.0027, 1.01089333921664, 3.18944958167948, 1, 0, -0.0373411654251135, 3.06796157577127, 2.9920730361699
0.565341, 0.005, 0.002729, 1.02623314709549, 3.18944958167948, 1, 0, -0.0450110693645418, 3.06796157577129, 3.00893715608132
0.570344, 0.005, 0.002785, 1.04310693576224, 3.16546875775708, 1, 0, -0.0532081554586888, 3.37475773334841, 3.05614215574322
0.575347, 0.005, 0.002708, 1.05691276285321, 3.09352628598987, 1, 0, -0.059391644286502, 2.76116541819413, 3.05876869352723
0.580349, 0.005, 0.002699, 1.07071858994418, 3.04556463814507, 1, 0, -0.0658149413535394, 2.76116541819418, 2.9926346323421
0.585352, 0.005001, 0.002713, 1.08299043624726, 2.94964134245546, 1, 0, -0.0709916315481859, 2.45436926061702, 2.9071085672451
0.590355, 0.005, 0.002738, 1.09526228255035, 2.82973722284345, 1, 0, -0.0759285135036083, 2.45436926061702, 2.80649983243886
0.595359, 0.005001, 0.002691, 1.10446616727766, 2.66187145538663, 1, 0, -0.0788517981926972, 1.84077694546279, 2.6600716703502
0.600362, 0.005, 0.002749, 1.11367005200498, 2.49400568792982, 1, 0, -0.081775082881786, 1.84077694546279, 2.47800617593078
0.605365, 0.005001, 0.002662, 1.1213399559444, 2.2781782726282, 1, 0, -0.0834517606984838, 1.53398078788562, 2.30231121831821
0.610368, 0.005, 0.002728, 1.12594189830806, 2.03837003340418, 1, 0, -0.0833546494880721, 0.920388472731393, 2.06339419876049
0.615371, 0.005, 0.00269, 1.13054384067172, 1.75060014633535, 1, 0, -0.0827779217992124, 0.920388472731393, 1.80939292630958
0.620374, 0.005, 0.002679, 1.13361180224749, 1.48681108318893, 1, 0, -0.0816740119556337, 0.613592315154232, 1.57774791911697
0.625376, 0.005, 0.002675, 1.13361180224749, 1.1990411961201, 1, 0, -0.0787963130849454, 0, 1.29531419433033
0.630379, 0.005, 0.002704, 1.13361180224749, 0.887290485128877, 1, 0, -0.0756788059750332, 0, 1.00746659559026
0.635382, 0.005001, 0.002673, 1.1320778214596, 0.57553977413765, 1, 0, -0.0717943084711781, -0.306796157577116, 0.749496667950522
0.640385, 0.005, 0.002655, 1.12747587909595, 0.287769887068825, 1, 0, -0.0666156384186614, -0.920388472731393, 0.44658800503835
0.645388, 0.005001, 0.002688, 1.12287393673229, 0, 1, 0, -0.0614369683661447, -0.920388472731393, 0.142815454422852
0.650391, 0.005, 0.002714, 1.11673801358075, -0.311750710991227, 1, 0, -0.0552514996804611, -1.22718463030851, -0.127540546897771
0.655394, 0.005, 0.002664, 1.1106020904292, -0.57553977413765, 1, 0, -0.0495456474732256, -1.22718463030851, -0.371905898766824
0.660396, 0.005, 0.002626, 1.10293218648978, -0.815348013361671, 1, 0, -0.0433126131112713, -1.53398078788562, -0.596056301062433
0.665399, 0.005, 0.00263, 1.09372830176246, -1.05515625258569, 1, 0, -0.0363125883553742, -1.84077694546279, -0.838572426753938
0.670401, 0.005, 0.002709, 1.08452441703515, -1.27098366788731, 1, 0, -0.029552371838701, -1.84077694546279, -1.06128454202257
0.675404, 0.005, 0.002651, 1.07532053230783, -1.43884943534413, 1, 0, -0.023271771800476, -1.84077694546274, -1.23450507612039
0.680407, 0.005, 0.002643, 1.06611664758052, -1.58273437887854, 1, 0, -0.0172309800014749, -1.84077694546279, -1.36923215819647
0.68541, 0.005, 0.002639, 1.05537878206532, -1.72661932241295, 1, 0, -0.010423197808531, -2.1475731030399, -1.50810835065311
0.690413, 0.005001, 0.00269, 1.04464091655012, -1.84652344202496, 1, 0, -0.00385522385481119, -2.1475731030399, -1.65021162896129
0.695416, 0.005, 0.002614, 1.03390305103492, -1.91846591379217, 1, 0, 0.00223313362046063, -2.1475731030399, -1.76073640097876
0.700418, 0.005, 0.002605, 1.02316518551972, -1.96642756163697, 1, 0, 0.00808168285650843, -2.1475731030399, -1.8467001125479
0.705421, 0.005, 0.002618, 1.01242732000452, -1.99040838555937, 1, 0, 0.0136904238533322, -2.1475731030399, -1.91356077710168
0.710423, 0.005, 0.00267, 1.00322343527721, -2.01438920948178, 1, 0, 0.0185321744562131, -1.84077694546274, -1.93147505424604
0.715426, 0.005, 0.002626, 0.994019550549895, -1.99040838555937, 1, 0, 0.022894308580646, -1.84077694546279, -1.91131991896087
0.72043, 0.005001, 0.002621, 0.984815665822582, -1.96642756163697, 1, 0, 0.0272564427050789, -1.84077694546276, -1.89564370262796
0.725433, 0.005001, 0.002696, 0.975611781095268, -1.91846591379217, 1, 0, 0.0313787685902878, -1.84077694546276, -1.88345108992458
0.730435, 0.005, 0.002647, 0.96794187715584, -1.89448508986976, 1, 0, 0.0349739123207779, -1.53398078788565, -1.83987948475783
0.735439, 0.005001, 0.002623, 0.958737992428526, -1.84652344202496, 1, 0, 0.0390962382059867, -1.84077694546276, -1.80599045851703
0.740441, 0.005, 0.002583, 0.951068088489098, -1.79856179418016, 1, 0, 0.0424515736972528, -1.53398078788565, -1.7796323269964
0.745444, 0.005, 0.002609, 0.943398184549669, -1.75060014633535, 1, 0, 0.0458069091885189, -1.53398078788565, -1.7250430960829
0.750446, 0.005, 0.002634, 0.935728280610241, -1.70263849849055, 1, 0, 0.0491622446797849, -1.53398078788562, -1.6825848053724
0.755449, 0.005, 0.00261, 0.929592357458699, -1.63069602672334, 1, 0, 0.0515107815378842, -1.22718463030853, -1.61547322842233
0.760451, 0.005, 0.002573, 0.923456434307156, -1.53477273103373, 1, 0, 0.0536195101567594, -1.22718463030851, -1.52918687328592
0.765454, 0.005, 0.00259, 0.918854491943499, -1.43884943534413, 1, 0, 0.0549612483816917, -0.92038847273137, -1.42798680178237
0.770457, 0.005001, 0.002624, 0.914252549579842, -1.27098366788731, 1, 0, 0.055583561888952, -0.920388472731393, -1.31518717310437
0.77546, 0.005, 0.002599, 0.911184588004071, -1.1270987243529, 1, 0, 0.0556786932414935, -0.613592315154254, -1.19336566662403
0.780463, 0.005, 0.002587, 0.909650607216185, -0.959232956896084, 1, 0, 0.0547670259608682, -0.306796157577138, -1.03043868212218
0.785466, 0.005001, 0.002555, 0.9081166264283, -0.791367189439269, 1, 0, 0.0538553586802429, -0.306796157577116, -0.869629232223277
0.790469, 0.005001, 0.002612, 0.9081166264283, -0.599520598060052, 1, 0, 0.0519368927664507, 0, -0.710466753682229
0.795473, 0.005001, 0.00258, 0.909650607216185, -0.431654830603238, 1, 0, 0.0494912446979398, 0.306796157577116, -0.518496790910943
0.800475, 0.005, 0.002588, 0.911184588004071, -0.239808239224021, 1, 0, 0.0468057883902048, 0.306796157577138, -0.335098357913594
0.805479, 0.005, 0.00259, 0.912718568791956, -0.0719424717672063, 1, 0, 0.0443601403216938, 0.306796157577116, -0.192455132248989
0.810481, 0.005, 0.002631, 0.915786530367728, 0.0959232956896083, 1, 0, 0.0411475018592401, 0.613592315154254, -0.047421939223506
0.815484, 0.005, 0.002568, 0.920388472731385, 0.263789063146423, 1, 0, 0.0371678730028434, 0.920388472731393, 0.133558579257901
0.820487, 0.005, 0.002567, 0.924990415095042, 0.431654830603238, 1, 0, 0.0331882441464468, 0.920388472731393, 0.308409666696454
0.82549, 0.005001, 0.002622, 0.929592357458699, 0.551558950215248, 1, 0, 0.0296882317684983, 0.92038847273137, 0.444404956926438
0.830493, 0.005, 0.002629, 0.935728280610241, 0.695443893749661, 1, 0, 0.0251814207573828, 1.22718463030853, 0.584267533502774
0.835496, 0.005, 0.002559, 0.940330222973898, 0.815348013361671, 1, 0, 0.0216814083794343, 0.92038847273137, 0.693049537506591
0.840499, 0.005, 0.002538, 0.948000126913326, 0.935252132973682, 1, 0, 0.0166474152136001, 1.53398078788565, 0.811746224795906
0.845502, 0.005, 0.002538, 0.952602069276983, 1.00719460474089, 1, 0, 0.0136270193140995, 0.920388472731393, 0.904065870465376
0.850505, 0.005, 0.002581, 0.958737992428526, 1.07913707650809, 1, 0, 0.00983963302065618, 1.22718463030851, 0.941781577366393
0.855508, 0.005, 0.002536, 0.964873915580068, 1.1270987243529, 1, 0, 0.00629205496643687, 1.22718463030851, 1.0052044780202
0.86051, 0.005, 0.002511, 0.971009838731611, 1.1510795482753, 1, 0, 0.00298428515144157, 1.22718463030851, 1.05453340075093
0.865513, 0.005, 0.002544, 0.977145761883153, 1.1750603721977, 1, 0, -0.000323484663553714, 1.22718463030851, 1.09290034065262
0.870515, 0.005, 0.002587, 0.98174770424681, 1.1510795482753, 1, 0, -0.00238464760615818, 0.920388472731393, 1.08865283195647
0.875518, 0.005001, 0.002528, 0.987883627398353, 1.1510795482753, 1, 0, -0.00545260918192945, 1.22718463030851, 1.08534921408169
0.880522, 0.005, 0.002531, 0.99248556976201, 1.1270987243529, 1, 0, -0.00751377212453391, 0.920388472731393, 1.08277973351241
0.885524, 0.005, 0.002496, 0.998621492913552, 1.1031179004305, 1, 0, -0.0103419254610812, 1.22718463030851, 1.0807812486252
0.890527, 0.005, 0.002571, 1.00322343527721, 1.07913707650809, 1, 0, -0.0124030884036856, 0.920388472731393, 1.0792268714907
0.89553, 0.005, 0.00252, 1.00782537764087, 1.05515625258569, 1, 0, -0.0144642513462901, 0.920388472731393, 1.04392944954419
0.900532, 0.005, 0.002491, 1.01242732000452, 1.03117542866329, 1, 0, -0.0165254142888944, 0.920388472731348, 1.01647589914134
0.905535, 0.005, 0.002482, 1.01702926236818, 1.00719460474089, 1, 0, -0.0185865772314989, 0.920388472731393, 0.995123137716901
0.910538, 0.005, 0.002557, 1.02163120473184, 0.983213780818486, 1, 0, -0.0206477401741034, 0.920388472731393, 0.978515434386788
0.91554, 0.005, 0.002517, 1.02623314709549, 0.935252132973682, 1, 0, -0.0224690948774838, 0.920388472731393, 0.9655983317967
0.920542, 0.005, 0.002506, 1.03236907024704, 0.911271309051279, 1, 0, -0.025297248214031, 1.22718463030851, 0.989640158401867
0.925545, 0.005, 0.002501, 1.03543703182281, 0.887290485128877, 1, 0, -0.0265914207626927, 0.613592315154277, 0.974250894919539
0.930547, 0.005, 0.002535, 1.03850499339858, 0.863309661206475, 1, 0, -0.0278855933113543, 0.613592315154232, 0.894104543860587
0.93555, 0.005, 0.002495, 1.04310693576224, 0.839328837284073, 1, 0, -0.0299467562539587, 0.920388472731393, 0.865856954989971
0.940553, 0.005, 0.002493, 1.04770887812589, 0.815348013361671, 1, 0, -0.0320079191965632, 0.920388472731393, 0.87797507004362
0.945557, 0.005001, 0.002487, 1.04924285891378, 0.767386365516867, 1, 0, -0.0322952931120579, 0.306796157577116, 0.819223346734872
0.95056, 0.005, 0.002534, 1.05384480127744, 0.743405541594465, 1, 0, -0.0343564560546624, 0.920388472731393, 0.773527561939179
0.955563, 0.005, 0.002497, 1.05691276285321, 0.719424717672063, 1, 0, -0.035650628603324, 0.613592315154232, 0.772074857939987
0.960565, 0.005, 0.002456, 1.05844674364109, 0.671463069827258, 1, 0, -0.0359380025188188, 0.30679615757716, 0.7027680531457
0.965568, 0.005, 0.002478, 1.05998072442898, 0.599520598060052, 1, 0, -0.0359855681950896, 0.306796157577116, 0.614774298574908
0.970571, 0.005001, 0.002519, 1.06151470521686, 0.527578126292846, 1, 0, -0.0360331338713603, 0.306796157577116, 0.54633471168651
0.975574, 0.005, 0.002457, 1.06151470521686, 0.45563565452564, 1, 0, -0.0353137091536882, 0, 0.45901545993141
0.980577, 0.005001, 0.002445, 1.06304868600475, 0.383693182758433, 1, 0, -0.0353612748299589, 0.306796157577116, 0.391100486344109
0.98558, 0.005, 0.002472, 1.06304868600475, 0.287769887068825, 1, 0, -0.0344020418730629, 0, 0.338277729109542
0.990584, 0.005001, 0.002508, 1.06304868600475, 0.191846591379217, 1, 0, -0.0334428089161668, 0, 0.263104900418533
0.995586, 0.005, 0.002454, 1.06151470521686, 0.11990411961201, 1, 0, -0.0319563938045519, -0.306796157577116, 0.170548682816957
1.000589, 0.005, 0.002454, 1.05998072442898, 0.0239808239224021, 1, 0, -0.0302301704537131, -0.306796157577116, 0.0644720516182742
1.005592, 0.005, 0.002431, 1.05844674364109, -0.0479616478448042, 1, 0, -0.0287437553420982, -0.306796157577116, -0.0180319948695903
1.010595, 0.005, 0.002513, 1.05691276285321, -0.11990411961201, 1, 0, -0.0272573402304832, -0.30679615757716, -0.0822018088046009
1.015597, 0.005, 0.002461, 1.05537878206532, -0.191846591379217, 1, 0, -0.0257709251188684, -0.306796157577116, -0.132111664087387
1.0206, 0.005001, 0.002511, 1.05384480127744, -0.263789063146423, 1, 0, -0.0242845100072535, -0.306796157577116, -0.170930440418438
1.025603, 0.005, 0.002464, 1.05077683970166, -0.311750710991227, 1, 0, -0.0222709127409198, -0.613592315154277, -0.235211283962273
1.030606, 0.005001, 0.002496, 1.04924285891378, -0.335731534913629, 1, 0, -0.021264114107753, -0.306796157577116, -0.285207495607478
1.035609, 0.005, 0.002446, 1.04770887812589, -0.359712358836031, 1, 0, -0.0202573154745862, -0.306796157577116, -0.290004976045176
1.040612, 0.005, 0.002437, 1.04464091655012, -0.383693182758433, 1, 0, -0.0184835264474765, -0.613592315154277, -0.327824811671958
1.045614, 0.005, 0.002423, 1.04310693576224, -0.431654830603238, 1, 0, -0.0172369195750856, -0.306796157577116, -0.357240239381678
1.050618, 0.005001, 0.002474, 1.04003897418646, -0.431654830603238, 1, 0, -0.0157029387871999, -0.613592315154277, -0.380118905378126
1.05562, 0.005, 0.00243, 1.03850499339858, -0.431654830603238, 1, 0, -0.0149359483932571, -0.306796157577116, -0.397913423375364
1.060623, 0.005, 0.002484, 1.03543703182281, -0.45563565452564, 1, 0, -0.0131621593661475, -0.613592315154232, -0.411753604039877
1.065626, 0.005, 0.002394, 1.03390305103492, -0.45563565452564, 1, 0, -0.0123951689722046, -0.30679615757716, -0.42251818900117
1.070629, 0.005, 0.002463, 1.03236907024704, -0.45563565452564, 1, 0, -0.0116281785782619, -0.306796157577116, -0.396802182018052
1.075632, 0.005, 0.002396, 1.03083508945915, -0.431654830603238, 1, 0, -0.0111009964235431, -0.306796157577116, -0.3768008432534
1.080634, 0.005, 0.002417, 1.02623314709549, -0.407674006680836, 1, 0, -0.00903983348093862, -0.920388472731393, -0.429421170342479
1.085637, 0.005, 0.00247, 1.02469916630761, -0.407674006680836, 1, 0, -0.00827284308699583, -0.306796157577116, -0.470348091411762
1.09064, 0.005, 0.002453, 1.02316518551972, -0.383693182758433, 1, 0, -0.00774566093227695, -0.30679615757716, -0.43400321722629
1.095643, 0.005, 0.002409, 1.02163120473184, -0.359712358836031, 1, 0, -0.00721847877755818, -0.306796157577116, -0.405734981748701
1.100646, 0.005001, 0.002402, 1.02009722394395, -0.335731534913629, 1, 0, -0.00669129662283941, -0.306796157577116, -0.383748576377238
1.105649, 0.005001, 0.002462, 1.02009722394395, -0.311750710991227, 1, 0, -0.00693110486206344, 0, -0.332559576913087
1.110653, 0.005001, 0.002441, 1.01856324315607, -0.311750710991227, 1, 0, -0.00616411446812065, -0.306796157577116, -0.292745910663191
1.115655, 0.005, 0.002381, 1.01702926236818, -0.287769887068825, 1, 0, -0.00563693231340176, -0.30679615757716, -0.29586818775518
1.120657, 0.005, 0.002391, 1.01549528158029, -0.263789063146423, 1, 0, -0.005109750158683, -0.306796157577116, -0.298296625493393
1.12566, 0.005, 0.002388, 1.01549528158029, -0.263789063146423, 1, 0, -0.005109750158683, 0, -0.266096948447874
1.130663, 0.005, 0.002421, 1.01396130079241, -0.239808239224021, 1, 0, -0.00458256800396423, -0.306796157577116, -0.241052755190248
1.135667, 0.005001, 0.002361, 1.01396130079241, -0.215827415301619, 1, 0, -0.00482237624318825, 0, -0.221573938212095
1.14067, 0.005, 0.00235, 1.01242732000452, -0.215827415301619, 1, 0, -0.00405538584924535, -0.30679615757716, -0.206423747229092
1.145672, 0.005, 0.002377, 1.01242732000452, -0.191846591379217, 1, 0, -0.00429519408846937, 0, -0.194640265353422
1.150675, 0.005, 0.002407, 1.01089333921664, -0.167865767456815, 1, 0, -0.0037680119337506, -0.306796157577116, -0.185475335005675
1.155678, 0.005, 0.002372, 1.01089333921664, -0.167865767456815, 1, 0, -0.0037680119337506, 0, -0.178347055846315
1.160681, 0.005, 0.002358, 1.01089333921664, -0.11990411961201, 1, 0, -0.00424762841219864, 0, -0.138714376769356
1.165684, 0.005001, 0.002337, 1.01089333921664, -0.0959232956896083, 1, 0, -0.00448743665142266, 0, -0.107888959709499
1.170687, 0.005, 0.002482, 1.01089333921664, -0.0719424717672063, 1, 0, -0.00472724489064668, 0, -0.0839136353296107
1.17569, 0.005, 0.002362, 1.01089333921664, -0.0719424717672063, 1, 0, -0.00472724489064668, 0, -0.0652661608119195
1.180692, 0.005, 0.002346, 1.01089333921664, -0.0239808239224021, 1, 0, -0.00520686136909472, 0, -0.0507625695203818
1.185695, 0.005, 0.00233, 1.01089333921664, -0.0239808239224021, 1, 0, -0.00520686136909472, 0, -0.0394819985158525
1.190698, 0.005, 0.002396, 1.01089333921664, 0, 1, 0, -0.00544666960831874, 0, -0.0307082210678853
1.195701, 0.005, 0.002356, 1.01089333921664, 0, 1, 0, -0.00544666960831874, 0, -0.0238841719416886
1.200704, 0.005, 0.002344, 1.01089333921664, 0, 1, 0, -0.00544666960831874, 0, -0.0185765781768689
1.205706, 0.005, 0.002347, 1.01089333921664, 0, 1, 0, -0.00544666960831874, 0, -0.0144484496931202
1.210709, 0.005, 0.002371, 1.01089333921664, 0, 1, 0, -0.00544666960831874, 0, -0.0112376830946491
1.215711, 0.005, 0.002319, 1.01089333921664, 0, 1, 0, -0.00544666960831874, 0, -0.00874042018472706
1.220714, 0.005, 0.002309, 1.01089333921664, 0, 1, 0, -0.00544666960831874, 0, -0.00679810458812104
1.225718, 0.005001, 0.002332, 1.01089333921664, 0, 1, 0, -0.00544666960831874, 0, -0.0052874146796497
1.23072, 0.005, 0.002329, 1.01089333921664, 0, 1, 0, -0.00544666960831874, 0, -0.00411243363972754
1.235723, 0.005, 0.002329, 1.01089333921664, 0, 1, 0, -0.00544666960831874, 0, -0.00319855949756587
1.240727, 0.005, 0.002322, 1.01089333921664, 0, 1, 0, -0.00544666960831874, 0, -0.00248776849810679
1.24573, 0.005001, 0.002408, 1.01089333921664, 0, 1, 0, -0.00544666960831874, 0, -0.00193493105408306
1.250733, 0.005, 0.002318, 1.01089333921664, 0, 1, 0, -0.00544666960831874, 0, -0.00150494637539793
1.255736, 0.005, 0.002299, 1.01089333921664, 0, 1, 0, -0.00544666960831874, 0, -0.00117051384753173
1.260739, 0.005, 0.002307, 1.01089333921664, 0, 1, 0, -0.00544666960831874, 0, -0.000910399659191342
1.265741, 0.005, 0.002273, 1.01089333921664, 0, 1, 0, -0.00544666960831874, 0, -0.000708088623815488
1.270744, 0.005, 0.002331, 1.01089333921664, 0, 1, 0, -0.00544666960831874, 0, -0.000550735596300935
1.275746, 0.005, 0.002295, 1.01089333921664, 0, 1, 0, -0.00544666960831874, 0, -0.000428349908234061
1.280749, 0.005, 0.002356, 1.01089333921664, 0, 1, 0, -0.00544666960831874, 0, -0.000333161039737603
1.285752, 0.005, 0.002356, 1.01089333921664, 0, 1, 0, -0.00544666960831874, 0, -0.000259125253129247
1.290755, 0.005, 0.002329, 1.01089333921664, 0, 1, 0, -0.00544666960831874, 0, -0.00020154186354497
1.295757, 0.005, 0.002282, 1.01089333921664, 0, 1, 0, -0.00544666960831874, 0, -0.000156754782757199
1.30076, 0.005, 0.002292, 1.01089333921664, 0, 1, 0, -0.00544666960831874, 0, -0.000121920386588932
1.305763, 0.005, 0.002254, 1.01089333921664, 0, 1, 0, -0.00544666960831874, 0, -9.48269673469473e-05
1.310766, 0.005, 0.002302, 1.01089333921664, 0, 1, 0, -0.00544666960831874, 0, -7.37543079365146e-05
1.315769, 0.005, 0.003341, 1.01089333921664, 0, 1, 0, -0.00544666960831874, 0, -5.73644617284002e-05
1.320771, 0.005, 0.002251, 1.01089333921664, 0, 1, 0, -0.00544666960831874, 0, -4.46168035665335e-05
1.325774, 0.005, 0.00233, 1.01089333921664, 0, 1, 0, -0.00544666960831874, 0, -3.47019583295261e-05
1.330777, 0.005, 0.002291, 1.01089333921664, 0, 1, 0, -0.00544666960831874, 0, -2.69904120340758e-05
1.33578, 0.005001, 0.002253, 1.01089333921664, 0, 1, 0, -0.00544666960831874, 0, -2.09925426931701e-05
1.340783, 0.005, 0.002252, 1.01089333921664, 0, 1, 0, -0.00544666960831874, 0, -1.6327533205799e-05
1.345786, 0.005001, 0.002237, 1.01089333921664, 0, 1, 0, -0.00544666960831874, 0, -1.26991924933992e-05
1.35079, 0.005001, 0.00229, 1.01089333921664, 0, 1, 0, -0.00544666960831874, 0, -9.87714971708826e-06
1.355793, 0.005, 0.002255, 1.01089333921664, 0, 1, 0, -0.00544666960831874, 0, -7.68222755773531e-06
1.360795, 0.005, 0.002243, 1.01089333921664, 0, 1, 0, -0.00544666960831874, 0, -5.97506587823858e-06
1.365798, 0.005001, 0.002222, 1.01089333921664, 0, 1, 0, -0.00544666960831874, 0, -4.64727346085223e-06
1.370802, 0.005001, 0.00225, 1.01089333921664, 0, 1, 0, -0.00544666960831874, 0, -3.61454602510729e-06
1.375804, 0.005, 0.002245, 1.01089333921664, 0, 1, 0, -0.00544666960831874, 0, -2.81131357508345e-06
1.380807, 0.005, 0.002295, 1.01089333921664, 0, 1, 0, -0.00544666960831874, 0, -2.1865772250649e-06
1.38581, 0.005, 0.002211, 1.01089333921664, 0, 1, 0, -0.00544666960831874, 0, -1.70067117505048e-06
1.390812, 0.005, 0.002236, 1.01089333921664, 0, 1, 0, -0.00544666960831874, 0, -1.32274424726148e-06
1.395815, 0.005, 0.00223, 1.01089333921664, 0, 1, 0, -0.00544666960831874, 0, -1.02880108120338e-06
1.400818, 0.005, 0.002231, 1.01089333921664, 0, 1, 0, -0.00544666960831874, 0, -8.00178618713737e-07
1.405821, 0.005, 0.002223, 1.01089333921664, 0, 1, 0, -0.00544666960831874, 0, -6.22361147888462e-07
1.410825, 0.005001, 0.002225, 1.01089333921664, 0, 1, 0, -0.00544666960831874, 0, -4.84058670579915e-07
1.415828, 0.005, 0.002212, 1.01089333921664, 0, 1, 0, -0.00544666960831874, 0, -3.76490077117712e-07
1.42083, 0.005, 0.002276, 1.01089333921664, 0, 1, 0, -0.00544666960831874, 0, -2.92825615535998e-07
1.425833, 0.005, 0.002186, 1.01089333921664, 0, 1, 0, -0.00544666960831874, 0, -2.27753256527999e-07
1.430836, 0.005, 0.002249, 1.01089333921664, 0, 1, 0, -0.00544666960831874, 0, -1.77141421743999e-07
1.435838, 0.005, 0.002206, 1.01089333921664, 0, 1, 0, -0.00544666960831874, 0, -1.37776661356444e-07
1.440841, 0.005, 0.002212, 1.01089333921664, 0, 1, 0, -0.00544666960831874, 0, -1.07159625499456e-07
1.445844, 0.005, 0.002264, 1.01089333921664, 0, 1, 0, -0.00544666960831874, 0, -8.33463753884659e-08
1.450847, 0.005, 0.002235, 1.01089333921664, 0, 1, 0, -0.00544666960831874, 0, -6.48249586354735e-08
1.455851, 0.005001, 0.002179, 1.01089333921664, 0, 1, 0, -0.00544666960831874, 0, -5.04194122720349e-08
1.460854, 0.005, 0.002219, 1.01089333921664, 0, 1, 0, -0.00544666960831874, 0, -3.92150984338049e-08
1.465857, 0.005, 0.002179, 1.01089333921664, 0, 1, 0, -0.00544666960831874, 0, -3.05006321151816e-08
1.470859, 0.005, 0.002239, 1.01089333921664, 0, 1, 0, -0.00544666960831874, 0, -2.37227138673635e-08
1.475862, 0.005, 0.002186, 1.01089333921664, 0, 1, 0, -0.00544666960831874, 0, -1.8450999674616e-08
1.480865, 0.005, 0.002168, 1.01089333921664, 0, 1, 0, -0.00544666960831874, 0, -1.43507775247014e-08
1.485867, 0.005, 0.002153, 1.01089333921664, 0, 1, 0, -0.00544666960831874, 0, -1.11617158525455e-08
1.49087, 0.005, 0.002194, 1.01089333921664, 0, 1, 0, -0.00544666960831874, 0, -8.68133455197984e-09
1.495889, 0.005, 0.002169, 1.01089333921664, 0, 1, 0, -0.00544666960831874, 0, -6.75214909598432e-09
1.500892, 0.005, 0.002126, 1.01089333921664, 0, 1, 0, -0.00544666960831874, 0, -5.25167151909891e-09
1.505894, 0.005, 0.002172, 1.01089333921664, 0, 1, 0, -0.00544666960831874, 0, -4.0846334037436e-09
1.510898, 0.005, 0.002153, 1.01089333921664, 0, 1, 0, -0.00544666960831874, 0, -3.17693709180058e-09
1.515901, 0.005001, 0.002141, 1.01089333921664, 0, 1, 0, -0.00544666960831874, 0, -2.47095107140045e-09
1.520904, 0.005, 0.002112, 1.01089333921664, 0, 1, 0, -0.00544666960831874, 0, -1.92185083331146e-09
1.525907, 0.005, 0.002121, 1.01089333921664, 0, 1, 0, -0.00544666960831874, 0, -1.49477287035336e-09
1.53091, 0.005, 0.002166, 1.01089333921664, 0, 1, 0, -0.00544666960831874, 0, -1.16260112138595e-09
1.535913, 0.005, 0.002138, 1.01089333921664, 0, 1, 0, -0.00544666960831874, 0, -9.04245316633513e-10
1.540916, 0.005001, 0.002113, 1.01089333921664, 0, 1, 0, -0.00544666960831874, 0, -7.03301912937177e-10
1.54592, 0.005001, 0.002097, 1.01089333921664, 0, 1, 0, -0.00544666960831874, 0, -5.47012598951138e-10
1.550922, 0.005, 0.002251, 1.01089333921664, 0, 1, 0, -0.00544666960831874, 0, -4.25454243628663e-10
1.555925, 0.005, 0.002124, 1.01089333921664, 0, 1, 0, -0.00544666960831874, 0, -3.30908856155626e-10
1.560928, 0.005, 0.002114, 1.01089333921664, 0, 1, 0, -0.00544666960831874, 0, -2.5737355478771e-10
1.565931, 0.005001, 0.002116, 1.01089333921664, 0, 1, 0, -0.00544666960831874, 0, -2.00179431501552e-10
1.570933, 0.005, 0.002112, 1.01089333921664, 0, 1, 0, -0.00544666960831874, 0, -1.55695113390096e-10
1.575936, 0.005, 0.002084, 1.01089333921664, 0, 1, 0, -0.00544666960831874, 0, -1.21096199303408e-10
1.580939, 0.005, 0.002106, 1.01089333921664, 0, 1, 0, -0.00544666960831874, 0, -9.41859327915395e-11
1.585942, 0.005, 0.002104, 1.01089333921664, 0, 1, 0, -0.00544666960831874, 0, -7.32557255045307e-11
1.590946, 0.005001, 0.002109, 1.01089333921664, 0, 1, 0, -0.00544666960831874, 0, -5.69766753924128e-11
1.595949, 0.005, 0.002118, 1.01089333921664, 0, 1, 0, -0.00544666960831874, 0, -4.43151919718766e-11
1.600952, 0.005, 0.002071, 1.01089333921664, 0, 1, 0, -0.00544666960831874, 0, -3.44673715336818e-11
1.605954, 0.005, 0.002083, 1.01089333921664, 0, 1, 0, -0.00544666960831874, 0, -2.68079556373081e-11
1.610958, 0.005, 0.00209, 1.01089333921664, 0, 1, 0, -0.00544666960831874, 0, -2.08506321623507e-11
1.615961, 0.005, 0.002054, 1.01089333921664, 0, 1, 0, -0.00544666960831874, 0, -1.6217158348495e-11
1.620964, 0.005, 0.002082, 1.01089333921664, 0, 1, 0, -0.00544666960831874, 0, -1.26133453821628e-11
1.625966, 0.005, 0.002072, 1.01089333921664, 0, 1, 0, -0.00544666960831874, 0, -9.81037974168216e-12
1.63097, 0.005001, 0.002136, 1.01089333921664, 0, 1, 0, -0.00544666960831874, 0, -7.63029535464168e-12
1.635972, 0.005, 0.002049, 1.01089333921664, 0, 1, 0, -0.00544666960831874, 0, -5.93467416472131e-12
1.640975, 0.005, 0.002047, 1.01089333921664, 0, 1, 0, -0.00544666960831874, 0, -4.61585768367213e-12
1.645978, 0.005, 0.002036, 1.01089333921664, 0, 1, 0, -0.00544666960831874, 0, -3.59011153174499e-12
1.65098, 0.005, 0.002086, 1.01089333921664, 0, 1, 0, -0.00544666960831874, 0, -2.79230896913499e-12
1.655983, 0.005001, 0.002062, 1.01089333921664, 0, 1, 0, -0.00544666960831874, 0, -2.17179586488277e-12
1.660986, 0.005, 0.002031, 1.01089333921664, 0, 1, 0, -0.00544666960831874, 0, -1.68917456157549e-12
1.665988, 0.005, 0.002051, 1.01089333921664, 0, 1, 0, -0.00544666960831874, 0, -1.31380243678094e-12
1.670992, 0.005001, 0.002055, 1.01089333921664, 0, 1, 0, -0.00544666960831874, 0, -1.02184633971851e-12
1.675995, 0.005001, 0.002045, 1.01089333921664, 0, 1, 0, -0.00544666960831874, 0, -7.94769375336616e-13
1.680998, 0.005001, 0.002048, 1.01089333921664, 0, 1, 0, -0.00544666960831874, 0, -6.18153958595145e-13
1.686001, 0.005, 0.002016, 1.01089333921664, 0, 1, 0, -0.00544666960831874, 0, -4.80786412240669e-13
1.691005, 0.005001, 0.002064, 1.01089333921664, 0, 1, 0, -0.00544666960831874, 0, -3.73944987298298e-13
1.696007, 0.005, 0.002038, 1.01089333921664, 0, 1, 0, -0.00544666960831874, 0, -2.90846101232009e-13
1.701011, 0.005001, 0.002061, 1.01089333921664, 0, 1, 0, -0.00544666960831874, 0, -2.26213634291563e-13
1.706014, 0.005001, 0.001999, 1.01089333921664, 0, 1, 0, -0.00544666960831874, 0, -1.75943937782327e-13
1.711018, 0.005001, 0.002123, 1.01089333921664, 0, 1, 0, -0.00544666960831874, 0, -1.3684528494181e-13
1.716021, 0.005001, 0.002015, 1.01089333921664, 0, 1, 0, -0.00544666960831874, 0, -1.06435221621408e-13
1.721055, 0.005031, 0.001985, 1.01089333921664, 0, 1, 0, -0.00544666960831874, 0, -8.27829501499836e-14
1.726058, 0.005, 0.001962, 1.01089333921664, 0, 1, 0, -0.00544666960831874, 0, -6.43867390055428e-14
1.73106, 0.005, 0.002016, 1.01089333921664, 0, 1, 0, -0.00544666960831874, 0, -5.00785747820889e-14
1.736063, 0.005, 0.001954, 1.01089333921664, 0, 1, 0, -0.00544666960831874, 0, -3.89500026082913e-14
1.741067, 0.005001, 0.001963, 1.01089333921664, 0, 1, 0, -0.00544666960831874, 0, -3.02944464731155e-14
1.74607, 0.005, 0.00196, 1.01089333921664, 0, 1, 0, -0.00544666960831874, 0, -2.35623472568676e-14
1.751073, 0.005, 0.001977, 1.01089333921664, 0, 1, 0, -0.00544666960831874, 0, -1.83262700886748e-14
1.756075, 0.005, 0.001962, 1.01089333921664, 0, 1, 0, -0.00544666960831874, 0, -1.42537656245248e-14
1.761078, 0.005, 0.001964, 1.01089333921664, 0, 1, 0, -0.00544666960831874, 0, -1.10862621524082e-14
1.766082, 0.005001, 0.001931, 1.01089333921664, 0, 1, 0, -0.00544666960831874, 0, -8.62264834076194e-15
1.771085, 0.005, 0.001959, 1.01089333921664, 0, 1, 0, -0.00544666960831874, 0, -6.70650426503707e-15
1.776088, 0.005, 0.001952, 1.01089333921664, 0, 1, 0, -0.00544666960831874, 0, -5.21616998391772e-15
1.781091, 0.005, 0.001922, 1.01089333921664, 0, 1, 0, -0.00544666960831874, 0, -4.05702109860267e-15
1.786094, 0.005, 0.001942, 1.01089333921664, 0, 1, 0, -0.00544666960831874, 0, -3.15546085446874e-15
1.791096, 0.005, 0.001915, 1.01089333921664, 0, 1, 0, -0.00544666960831874, 0, -2.45424733125347e-15
1.796099, 0.005, 0.001916, 1.01089333921664, 0, 1, 0, -0.00544666960831874, 0, -1.90885903541936e-15
1.801102, 0.005001, 0.001912, 1.01089333921664, 0, 1, 0, -0.00544666960831874, 0, -1.4846681386595e-15
1.806105, 0.005, 0.001911, 1.01089333921664, 0, 1, 0, -0.00544666960831874, 0, -1.15474188562406e-15
1.811107, 0.005, 0.00196, 1.01089333921664, 0, 1, 0, -0.00544666960831874, 0, -8.98132577707602e-16
1.81611, 0.005001, 0.001928, 1.01089333921664, 0, 1, 0, -0.00544666960831874, 0, -6.98547560439246e-16
1.821113, 0.005, 0.001901, 1.01089333921664, 0, 1, 0, -0.00544666960831874, 0, -5.43314769230525e-16
1.826116, 0.005, 0.001903, 1.01089333921664, 0, 1, 0, -0.00544666960831874, 0, -4.22578153845964e-16
1.831118, 0.005, 0.001929, 1.01089333921664, 0, 1, 0, -0.00544666960831874, 0, -3.28671897435749e-16
1.836121, 0.005, 0.001933, 1.01089333921664, 0, 1, 0, -0.00544666960831874, 0, -2.55633698005583e-16
1.841125, 0.005001, 0.001911, 1.01089333921664, 0, 1, 0, -0.00544666960831874, 0, -1.98826209559898e-16
1.846128, 0.005, 0.001909, 1.01089333921664, 0, 1, 0, -0.00544666960831874, 0, -1.54642607435476e-16
1.851131, 0.005, 0.001947, 1.01089333921664, 0, 1, 0, -0.00544666960831874, 0, -1.20277583560926e-16
1.856134, 0.005001, 0.001912, 1.01089333921664, 0, 1, 0, -0.00544666960831874, 0, -9.35492316584979e-17
1.861136, 0.005, 0.001882, 1.01089333921664, 0, 1, 0, -0.00544666960831874, 0, -7.2760513512165e-17
1.866139, 0.005001, 0.001902, 1.01089333921664, 0, 1, 0, -0.00544666960831874, 0, -5.65915105094617e-17
1.871142, 0.005001, 0.001908, 1.01089333921664, 0, 1, 0, -0.00544666960831874, 0, -4.40156192851369e-17
1.876145, 0.005, 0.001871, 1.01089333921664, 0, 1, 0, -0.00544666960831874, 0, -3.42343705551065e-17
1.881148, 0.005001, 0.001896, 1.01089333921664, 0, 1, 0, -0.00544666960831874, 0, -2.66267326539717e-17
1.886152, 0.005, 0.001867, 1.01089333921664, 0, 1, 0, -0.00544666960831874, 0, -2.07096809530891e-17
1.891155, 0.005, 0.001894, 1.01089333921664, 0, 1, 0, -0.00544666960831874, 0, -1.61075296301804e-17
1.896157, 0.005, 0.001891, 1.01089333921664, 0, 1, 0, -0.00544666960831874, 0, -1.25280786012514e-17
1.90116, 0.005, 0.001944, 1.01089333921664, 0, 1, 0, -0.00544666960831874, 0, -9.74406113430667e-18
1.906163, 0.005001, 0.001871, 1.01089333921664, 0, 1, 0, -0.00544666960831874, 0, -7.57871421557185e-18
1.911166, 0.005, 0.001878, 1.01089333921664, 0, 1, 0, -0.00544666960831874, 0, -5.89455550100033e-18
1.91617, 0.005001, 0.001863, 1.01089333921664, 0, 1, 0, -0.00544666960831874, 0, -4.58465427855581e-18
1.921173, 0.005001, 0.001865, 1.01089333921664, 0, 1, 0, -0.00544666960831874, 0, -3.56584221665452e-18
1.926176, 0.005, 0.001837, 1.01089333921664, 0, 1, 0, -0.00544666960831874, 0, -2.77343283517574e-18
1.931179, 0.005, 0.001831, 1.01089333921664, 0, 1, 0, -0.00544666960831874, 0, -2.15711442735891e-18
1.936182, 0.005, 0.001861, 1.01089333921664, 0, 1, 0, -0.00544666960831874, 0, -1.67775566572359e-18
1.941186, 0.005001, 0.001827, 1.01089333921664, 0, 1, 0, -0.00544666960831874, 0, -1.30492107334057e-18
1.946189, 0.005, 0.001849, 1.01089333921664, 0, 1, 0, -0.00544666960831874, 0, -1.01493861259822e-18
1.951191, 0.005, 0.001855, 1.01089333921664, 0, 1, 0, -0.00544666960831874, 0, -7.89396698687508e-19
1.956194, 0.005, 0.001844, 1.01089333921664, 0, 1, 0, -0.00544666960831874, 0, -6.13975210090284e-19
1.961196, 0.005, 0.002818, 1.01089333921664, 0, 1, 0, -0.00544666960831874, 0, -4.77536274514665e-19
1.9662, 0.005001, 0.002963, 1.01089333921664, 0, 1, 0, -0.00544666960831874, 0, -3.71417102400295e-19
1.971202, 0.005, 0.002823, 1.01089333921664, 0, 1, 0, -0.00544666960831874, 0, -2.88879968533563e-19
1.976205, 0.005, 0.002806, 1.01089333921664, 0, 1, 0, -0.00544666960831874, 0, -2.24684419970549e-19
1.981208, 0.005, 0.002896, 1.01089333921664, 0, 1, 0, -0.00544666960831874, 0, -1.74754548865982e-19
1.986211, 0.005, 0.0028, 1.01089333921664, 0, 1, 0, -0.00544666960831874, 0, -1.35920204673542e-19
1.991215, 0.005001, 0.002822, 1.01089333921664, 0, 1, 0, -0.00544666960831874, 0, -1.05715714746088e-19
1.996218, 0.005001, 0.002812, 1.01089333921664, 0, 1, 0, -0.00544666960831874, 0, -8.22233336914019e-20
2.00122, 0.005, 0.002815, 1.01089333921664, 0, 1, 0, -0.00544666960831874, 0, -6.39514817599793e-20
2.006223, 0.005, 0.002907, 1.01089333921664, 0, 1, 0, -0.00544666960831874, 0, -4.97400413688728e-20
2.011227, 0.005001, 0.002824, 1.01089333921664, 0, 1, 0, -0.00544666960831874, 0, -3.86866988424566e-20
2.016229, 0.005, 0.001782, 1.01089333921664, 0, 1, 0, -0.00544666960831874, 0, -3.0089654655244e-20
2.021232, 0.005001, 0.001806, 1.01089333921664, 0, 1, 0, -0.00544666960831874, 0, -2.34030647318565e-20
2.026235, 0.005, 0.002837, 1.01089333921664, 0, 1, 0, -0.00544666960831874, 0, -1.82023836803328e-20
2.031238, 0.005, 0.002798, 1.01089333921664, 0, 1, 0, -0.00544666960831874, 0, -1.41574095291477e-20
2.03624, 0.005, 0.0028, 1.01089333921664, 0, 1, 0, -0.00544666960831874, 0, -1.10113185226705e-20
2.041243, 0.005, 0.002786, 1.01089333921664, 0, 1, 0, -0.00544666960831874, 0, -8.56435885096592e-21
2.046245, 0.005, 0.002764, 1.01089333921664, 0, 1, 0, -0.00544666960831874, 0, -6.66116799519571e-21
2.051248, 0.005, 0.002795, 1.01089333921664, 0, 1, 0, -0.00544666960831874, 0, -5.18090844070778e-21
2.05625, 0.005, 0.002779, 1.01089333921664, 0, 1, 0, -0.00544666960831874, 0, -4.02959545388383e-21
2.061253, 0.005, 0.002787, 1.01089333921664, 0, 1, 0, -0.00544666960831874, 0, -3.1341297974652e-21
2.066256, 0.005, 0.002754, 1.01089333921664, 0, 1, 0, -0.00544666960831874, 0, -2.4376565091396e-21
2.071259, 0.005, 0.002754, 1.01089333921664, 0, 1, 0, -0.00544666960831874, 0, -1.89595506266413e-21
2.076262, 0.005, 0.002776, 1.01089333921664, 0, 1, 0, -0.00544666960831874, 0, -1.47463171540544e-21
2.081265, 0.005, 0.002769, 1.01089333921664, 0, 1, 0, -0.00544666960831874, 0, -1.14693577864867e-21
2.086268, 0.005, 0.002785, 1.01089333921664, 0, 1, 0, -0.00544666960831874, 0, -8.9206116117119e-22
2.091271, 0.005, 0.002771, 1.01089333921664, 0, 1, 0, -0.00544666960831874, 0, -6.93825347577592e-22
2.096273, 0.005, 0.002755, 1.01089333921664, 0, 1, 0, -0.00544666960831874, 0, -5.39641937004794e-22
2.101277, 0.005001, 0.002734, 1.01089333921664, 0, 1, 0, -0.00544666960831874, 0, -4.19721506559284e-22
2.10628, 0.005001, 0.002791, 1.01089333921664, 0, 1, 0, -0.00544666960831874, 0, -3.26450060657221e-22
2.111283, 0.005, 0.002757, 1.01089333921664, 0, 1, 0, -0.00544666960831874, 0, -2.53905602733394e-22
2.116285, 0.005, 0.002815, 1.01089333921664, 0, 1, 0, -0.00544666960831874, 0, -1.97482135459306e-22
2.121288, 0.005, 0.002811, 1.01089333921664, 0, 1, 0, -0.00544666960831874, 0, -1.53597216468349e-22
2.126291, 0.005, 0.002755, 1.01089333921664, 0, 1, 0, -0.00544666960831874, 0, -1.19464501697605e-22
2.131295, 0.005001, 0.002744, 1.01089333921664, 0, 1, 0, -0.00544666960831874, 0, -9.29168346536929e-23
2.136298, 0.005, 0.002731, 1.01089333921664, 0, 1, 0, -0.00544666960831874, 0, -7.22686491750945e-23
2.141301, 0.005, 0.002738, 1.01089333921664, 0, 1, 0, -0.00544666960831874, 0, -5.62089493584068e-23
2.146304, 0.005, 0.002761, 1.01089333921664, 0, 1, 0, -0.00544666960831874, 0, -4.37180717232053e-23
2.151307, 0.005, 0.002736, 1.01089333921664, 0, 1, 0, -0.00544666960831874, 0, -3.40029446736041e-23
2.15631, 0.005001, 0.002723, 1.01089333921664, 0, 1, 0, -0.00544666960831874, 0, -2.64467347461365e-23
2.161314, 0.005001, 0.002703, 1.01089333921664, 0, 1, 0, -0.00544666960831874, 0, -2.05696825803284e-23
2.166316, 0.005, 0.002748, 1.01089333921664, 0, 1, 0, -0.00544666960831874, 0, -1.59986420069221e-23
2.171319, 0.005, 0.002721, 1.01089333921664, 0, 1, 0, -0.00544666960831874, 0, -1.24433882276061e-23
2.176323, 0.005001, 0.002702, 1.01089333921664, 0, 1, 0, -0.00544666960831874, 0, -9.67819084369362e-24
2.181326, 0.005, 0.002689, 1.01089333921664, 0, 1, 0, -0.00544666960831874, 0, -7.52748176731726e-24
2.186328, 0.005, 0.002734, 1.01089333921664, 0, 1, 0, -0.00544666960831874, 0, -5.85470804124676e-24
2.191331, 0.005, 0.002699, 1.01089333921664, 0, 1, 0, -0.00544666960831874, 0, -4.55366180985859e-24
2.196334, 0.005, 0.002729, 1.01089333921664, 0, 1, 0, -0.00544666960831874, 0, -3.54173696322335e-24
2.201338, 0.005001, 0.002762, 1.01089333921664, 0, 1, 0, -0.00544666960831874, 0, -2.75468430472927e-24
2.20634, 0.005, 0.002735, 1.01089333921664, 0, 1, 0, -0.00544666960831874, 0, -2.14253223701165e-24
2.211344, 0.005001, 0.002693, 1.01089333921664, 0, 1, 0, -0.00544666960831874, 0, -1.66641396212018e-24
2.216346, 0.005, 0.002673, 1.01089333921664, 0, 1, 0, -0.00544666960831874, 0, -1.29609974831569e-24
2.221349, 0.005, 0.002659, 1.01089333921664, 0, 1, 0, -0.00544666960831874, 0, -1.00807758202332e-24
2.226352, 0.005, 0.002713, 1.01089333921664, 0, 1, 0, -0.00544666960831874, 0, -7.8406034157369e-25
2.231355, 0.005, 0.002725, 1.01089333921664, 0, 1, 0, -0.00544666960831874, 0, -6.0982471011287e-25
2.236358, 0.005001, 0.002666, 1.01089333921664, 0, 1, 0, -0.00544666960831874, 0, -4.74308107865566e-25
2.241362, 0.005, 0.002653, 1.01089333921664, 0, 1, 0, -0.00544666960831874, 0, -3.68906306117662e-25
2.246365, 0.005001, 0.002716, 1.01089333921664, 0, 1, 0, -0.00544666960831874, 0, -2.86927126980404e-25
2.251368, 0.005, 0.002668, 1.01089333921664, 0, 1, 0, -0.00544666960831874, 0, -2.23165543206981e-25
2.256371, 0.005, 0.002669, 1.01089333921664, 0, 1, 0, -0.00544666960831874, 0, -1.73573200272096e-25
2.261374, 0.005, 0.002639, 1.01089333921664, 0, 1, 0, -0.00544666960831874, 0, -1.35001377989408e-25
2.266377, 0.005, 0.002669, 1.01089333921664, 0, 1, 0, -0.00544666960831874, 0, -1.0500107176954e-25
2.27138, 0.005, 0.002645, 1.01089333921664, 0, 1, 0, -0.00544666960831874, 0, -8.16675002651976e-26
2.276383, 0.005001, 0.002661, 1.01089333921664, 0, 1, 0, -0.00544666960831874, 0, -6.35191668729314e-26
2.281385, 0.005, 0.002647, 1.01089333921664, 0, 1, 0, -0.00544666960831874, 0, -4.94037964567244e-26
2.286389, 0.005001, 0.002735, 1.01089333921664, 0, 1, 0, -0.00544666960831874, 0, -3.84251750218968e-26
2.291391, 0.005, 0.002647, 1.01089333921664, 0, 1, 0, -0.00544666960831874, 0, -2.98862472392531e-26
2.296394, 0.005, 0.002706, 1.01089333921664, 0, 1, 0, -0.00544666960831874, 0, -2.32448589638635e-26
2.301397, 0.005, 0.002706, 1.01089333921664, 0, 1, 0, -0.00544666960831874, 0, -1.80793347496716e-26
2.3064, 0.005001, 0.002671, 1.01089333921664, 0, 1, 0, -0.00544666960831874, 0, -1.40617048053001e-26
2.311403, 0.005, 0.002633, 1.01089333921664, 0, 1, 0, -0.00544666960831874, 0, -1.09368815152334e-26
2.316406, 0.005, 0.002618, 1.01089333921664, 0, 1, 0, -0.00544666960831874, 0, -8.50646340073712e-27
2.321409, 0.005, 0.002605, 1.01089333921664, 0, 1, 0, -0.00544666960831874, 0, -6.61613820057332e-27
2.326412, 0.005, 0.002659, 1.01089333921664, 0, 1, 0, -0.00544666960831874, 0, -5.14588526711258e-27
2.331415, 0.005, 0.002608, 1.01089333921664, 0, 1, 0, -0.00544666960831874, 0, -4.00235520775423e-27
2.336418, 0.005001, 0.002617, 1.01089333921664, 0, 1, 0, -0.00544666960831874, 0, -3.1129429393644e-27
2.341421, 0.005001, 0.00259, 1.01089333921664, 0, 1, 0, -0.00544666960831874, 0, -2.42117784172787e-27
2.346424, 0.005, 0.002752, 1.01089333921664, 0, 1, 0, -0.00544666960831874, 0, -1.8831383213439e-27
2.351426, 0.005, 0.002626, 1.01089333921664, 0, 1, 0, -0.00544666960831874, 0, -1.46466313882303e-27
2.356429, 0.005001, 0.002586, 1.01089333921664, 0, 1, 0, -0.00544666960831874, 0, -1.1391824413068e-27
2.361432, 0.005, 0.002661, 1.01089333921664, 0, 1, 0, -0.00544666960831874, 0, -8.86030787683068e-28
2.366436, 0.005001, 0.002652, 1.01089333921664, 0, 1, 0, -0.00544666960831874, 0, -6.89135057086831e-28
2.371438, 0.005, 0.002606, 1.01089333921664, 0, 1, 0, -0.00544666960831874, 0, -5.35993933289757e-28
2.376442, 0.005, 0.002579, 1.01089333921664, 0, 1, 0, -0.00544666960831874, 0, -4.16884170336478e-28
2.381444, 0.005, 0.002655, 1.01089333921664, 0, 1, 0, -0.00544666960831874, 0, -3.24243243595038e-28
2.386447, 0.005, 0.00262, 1.01089333921664, 0, 1, 0, -0.00544666960831874, 0, -2.52189189462808e-28
2.39145, 0.005, 0.002589, 1.01089333921664, 0, 1, 0, -0.00544666960831874, 0, -1.96147147359961e-28
2.396453, 0.005, 0.002654, 1.01089333921664, 0, 1, 0, -0.00544666960831874, 0, -1.52558892391081e-28
2.401455, 0.005, 0.00255, 1.01089333921664, 0, 1, 0, -0.00544666960831874, 0, -1.18656916304174e-28
2.406458, 0.005, 0.002609, 1.01089333921664, 0, 1, 0, -0.00544666960831874, 0, -9.22887126810244e-29
2.411757, 0.005296, 0.0023, 1.01089333921664, 0, 1, 0, -0.00544666960831874, 0, -7.1780109863019e-29
2.41677, 0.005, 0.002281, 1.01089333921664, 0, 1, 0, -0.00544666960831874, 0, -5.58289743379036e-29
2.421773, 0.005001, 0.00232, 1.01089333921664, 0, 1, 0, -0.00544666960831874, 0, -4.34225355961473e-29
2.426776, 0.005001, 0.002284, 1.01089333921664, 0, 1, 0, -0.00544666960831874, 0, -3.37730832414479e-29
2.43178, 0.005001, 0.002247, 1.01089333921664, 0, 1, 0, -0.00544666960831874, 0, -2.62679536322372e-29
2.436783, 0.005, 0.002247, 1.01089333921664, 0, 1, 0, -0.00544666960831874, 0, -2.04306306028512e-29
2.441786, 0.005, 0.002225, 1.01089333921664, 0, 1, 0, -0.00544666960831874, 0, -1.58904904688843e-29
2.446788, 0.005, 0.002372, 1.01089333921664, 0, 1, 0, -0.00544666960831874, 0, -1.23592703646878e-29
2.45179, 0.005, 0.002261, 1.01089333921664, 0, 1, 0, -0.00544666960831874, 0, -9.61276583920159e-30
2.456793, 0.005, 0.002246, 1.01089333921664, 0, 1, 0, -0.00544666960831874, 0, -7.47659565271235e-30
2.461796, 0.005, 0.002307, 1.01089333921664, 0, 1, 0, -0.00544666960831874, 0, -5.8151299521096e-30
2.466798, 0.005, 0.002337, 1.01089333921664, 0, 1, 0, -0.00544666960831874, 0, -4.5228788516408e-30
2.471802, 0.005001, 0.002237, 1.01089333921664, 0, 1, 0, -0.00544666960831874, 0, -3.51779466238729e-30
2.476805, 0.005, 0.002227, 1.01089333921664, 0, 1, 0, -0.00544666960831874, 0, -2.73606251519012e-30
2.481807, 0.005, 0.002223, 1.01089333921664, 0, 1, 0, -0.00544666960831874, 0, -2.12804862292565e-30
2.48681, 0.005, 0.002196, 1.01089333921664, 0, 1, 0, -0.00544666960831874, 0, -1.65514892894217e-30
2.491812, 0.005, 0.002217, 1.01089333921664, 0, 1, 0, -0.00544666960831874, 0, -1.28733805584391e-30
2.496815, 0.005, 0.00221, 1.01089333921664, 0, 1, 0, -0.00544666960831874, 0, -1.00126293232304e-30
2.501818, 0.005, 0.002199, 1.01089333921664, 0, 1, 0, -0.00544666960831874, 0, -7.78760058473476e-31
2.506821, 0.005, 0.002241, 1.01089333921664, 0, 1, 0, -0.00544666960831874, 0, -6.05702267701592e-31
2.511824, 0.005, 0.002234, 1.01089333921664, 0, 1, 0, -0.00544666960831874, 0, -4.71101763767905e-31
2.516828, 0.005001, 0.002185, 1.01089333921664, 0, 1, 0, -0.00544666960831874, 0, -3.66412482930593e-31
2.52183, 0.005, 0.002175, 1.01089333921664, 0, 1, 0, -0.00544666960831874, 0, -2.84987486723795e-31
2.526833, 0.005, 0.002235, 1.01089333921664, 0, 1, 0, -0.00544666960831874, 0, -2.21656934118507e-31
2.531836, 0.005, 0.00218, 1.01089333921664, 0, 1, 0, -0.00544666960831874, 0, -1.72399837647728e-31
2.536838, 0.005, 0.002185, 1.01089333921664, 0, 1, 0, -0.00544666960831874, 0, -1.34088762614899e-31
2.541841, 0.005, 0.002194, 1.01089333921664, 0, 1, 0, -0.00544666960831874, 0, -1.04291259811588e-31
2.546844, 0.005, 0.002253, 1.01089333921664, 0, 1, 0, -0.00544666960831874, 0, -8.1115424297902e-32
2.551847, 0.005, 0.002193, 1.01089333921664, 0, 1, 0, -0.00544666960831874, 0, -6.30897744539238e-32
2.556851, 0.005, 0.002189, 1.01089333921664, 0, 1, 0, -0.00544666960831874, 0, -4.90698245752741e-32
2.561854, 0.005001, 0.002164, 1.01089333921664, 0, 1, 0, -0.00544666960831874, 0, -3.8165419114102e-32
2.566856, 0.005, 0.002199, 1.01089333921664, 0, 1, 0, -0.00544666960831874, 0, -2.96842148665238e-32
2.571859, 0.005, 0.002162, 1.01089333921664, 0, 1, 0, -0.00544666960831874, 0, -2.3087722673963e-32
2.576877, 0.005015, 0.002215, 1.01089333921664, 0, 1, 0, -0.00544666960831874, 0, -1.79571176353045e-32
2.58188, 0.005, 0.002146, 1.01089333921664, 0, 1, 0, -0.00544666960831874, 0, -1.39666470496813e-32
2.586882, 0.005, 0.002128, 1.01089333921664, 0, 1, 0, -0.00544666960831874, 0, -1.08629477053077e-32
2.591885, 0.005, 0.002193, 1.01089333921664, 0, 1, 0, -0.00544666960831874, 0, -8.44895932635042e-33
2.596887, 0.005, 0.002119, 1.01089333921664, 0, 1, 0, -0.00544666960831874, 0, -6.57141280938366e-33
2.601891, 0.005, 0.002207, 1.01089333921664, 0, 1, 0, -0.00544666960831874, 0, -5.11109885174285e-33
2.606893, 0.005, 0.002154, 1.01089333921664, 0, 1, 0, -0.00544666960831874, 0, -3.9752991069111e-33
2.611896, 0.005, 0.00212, 1.01089333921664, 0, 1, 0, -0.00544666960831874, 0, -3.0918993053753e-33
2.616899, 0.005, 0.002118, 1.01089333921664, 0, 1, 0, -0.00544666960831874, 0, -2.40481057084746e-33
2.621903, 0.005, 0.002103, 1.01089333921664, 0, 1, 0, -0.00544666960831874, 0, -1.87040822177024e-33
2.626906, 0.005, 0.002167, 1.01089333921664, 0, 1, 0, -0.00544666960831874, 0, -1.45476195026575e-33
2.631908, 0.005, 0.002117, 1.01089333921664, 0, 1, 0, -0.00544666960831874, 0, -1.13148151687336e-33
2.636911, 0.005, 0.002103, 1.01089333921664, 0, 1, 0, -0.00544666960831874, 0, -8.80041179790389e-34
2.641913, 0.005, 0.002098, 1.01089333921664, 0, 1, 0, -0.00544666960831874, 0, -6.84476473170303e-34
2.646916, 0.005, 0.00209, 1.01089333921664, 0, 1, 0, -0.00544666960831874, 0, -5.32370590243569e-34
2.651919, 0.005, 0.002125, 1.01089333921664, 0, 1, 0, -0.00544666960831874, 0, -4.14066014633887e-34
2.656921, 0.005, 0.002089, 1.01089333921664, 0, 1, 0, -0.00544666960831874, 0, -3.22051344715245e-34
2.662063, 0.005139, 0.002003, 1.01089333921664, 0, 1, 0, -0.00544666960831874, 0, -2.50484379222969e-34
2.667068, 0.005001, 0.001994, 1.01089333921664, 0, 1, 0, -0.00544666960831874, 0, -1.94821183840087e-34
2.672071, 0.005, 0.002003, 1.01089333921664, 0, 1, 0, -0.00544666960831874, 0, -1.51527587431179e-34
2.677073, 0.005, 0.001933, 1.01089333921664, 0, 1, 0, -0.00544666960831874, 0, -1.1785479022425e-34
2.682076, 0.005, 0.001934, 1.01089333921664, 0, 1, 0, -0.00544666960831874, 0, -9.16648368410833e-35
2.687078, 0.005, 0.001932, 1.01089333921664, 0, 1, 0, -0.00544666960831874, 0, -7.12948730986204e-35
2.692082, 0.005001, 0.001962, 1.01089333921664, 0, 1, 0, -0.00544666960831874, 0, -5.54515679655936e-35
2.697085, 0.005001, 0.001953, 1.01089333921664, 0, 1, 0, -0.00544666960831874, 0, -4.31289973065728e-35
2.702088, 0.005, 0.001919, 1.01089333921664, 0, 1, 0, -0.00544666960831874, 0, -3.354477568289e-35
2.707091, 0.005, 0.001917, 1.01089333921664, 0, 1, 0, -0.00544666960831874, 0, -2.60903810866922e-35
2.712093, 0.005, 0.002013, 1.01089333921664, 0, 1, 0, -0.00544666960831874, 0, -2.02925186229828e-35
2.717096, 0.005, 0.00192, 1.01089333921664, 0, 1, 0, -0.00544666960831874, 0, -1.57830700400977e-35
2.722099, 0.005001, 0.001936, 1.01089333921664, 0, 1, 0, -0.00544666960831874, 0, -1.22757211422982e-35
2.727101, 0.005, 0.001902, 1.01089333921664, 0, 1, 0, -0.00544666960831874, 0, -9.54778311067642e-36
2.732104, 0.005, 0.00191, 1.01089333921664, 0, 1, 0, -0.00544666960831874, 0, -7.4260535305261e-36
2.737108, 0.005001, 0.001901, 1.01089333921664, 0, 1, 0, -0.00544666960831874, 0, -5.77581941263141e-36
2.74211, 0.005, 0.001896, 1.01089333921664, 0, 1, 0, -0.00544666960831874, 0, -4.49230398760221e-36
2.747112, 0.005, 0.001947, 1.01089333921664, 0, 1, 0, -0.00544666960831874, 0, -3.4940142125795e-36
2.752115, 0.005, 0.0019, 1.01089333921664, 0, 1, 0, -0.00544666960831874, 0, -2.71756660978405e-36
2.757118, 0.005, 0.001919, 1.01089333921664, 0, 1, 0, -0.00544666960831874, 0, -2.11366291872093e-36
2.762121, 0.005001, 0.001925, 1.01089333921664, 0, 1, 0, -0.00544666960831874, 0, -1.64396004789406e-36
2.767124, 0.005, 0.001949, 1.01089333921664, 0, 1, 0, -0.00544666960831874, 0, -1.27863559280649e-36
2.772127, 0.005, 0.001897, 1.01089333921664, 0, 1, 0, -0.00544666960831874, 0, -9.94494349960602e-37
2.777129, 0.005, 0.001903, 1.01089333921664, 0, 1, 0, -0.00544666960831874, 0, -7.73495605524913e-37
2.782132, 0.005, 0.001903, 1.01089333921664, 0, 1, 0, -0.00544666960831874, 0, -6.01607693186044e-37
2.787135, 0.005001, 0.00195, 1.01089333921664, 0, 1, 0, -0.00544666960831874, 0, -4.67917094700256e-37
2.792138, 0.005001, 0.001901, 1.01089333921664, 0, 1, 0, -0.00544666960831874, 0, -3.63935518100199e-37
2.79714, 0.005, 0.001886, 1.01089333921664, 0, 1, 0, -0.00544666960831874, 0, -2.83060958522377e-37
2.802143, 0.005, 0.001884, 1.01089333921664, 0, 1, 0, -0.00544666960831874, 0, -2.20158523295182e-37
2.807146, 0.005, 0.001961, 1.01089333921664, 0, 1, 0, -0.00544666960831874, 0, -1.71234407007364e-37
2.812149, 0.005, 0.00188, 1.01089333921664, 0, 1, 0, -0.00544666960831874, 0, -1.33182316561283e-37
2.817152, 0.005001, 0.001865, 1.01089333921664, 0, 1, 0, -0.00544666960831874, 0, -1.03586246214331e-37
2.822155, 0.005, 0.001857, 1.01089333921664, 0, 1, 0, -0.00544666960831874, 0, -8.05670803889243e-38
2.827159, 0.005001, 0.001968, 1.01089333921664, 0, 1, 0, -0.00544666960831874, 0, -6.26632847469412e-38
2.832162, 0.005, 0.001875, 1.01089333921664, 0, 1, 0, -0.00544666960831874, 0, -4.8738110358732e-38
2.837164, 0.005, 0.001841, 1.01089333921664, 0, 1, 0, -0.00544666960831874, 0, -3.79074191679027e-38
2.842167, 0.005, 0.001838, 1.01089333921664, 0, 1, 0, -0.00544666960831874, 0, -2.94835482417021e-38
2.84717, 0.005, 0.001881, 1.01089333921664, 0, 1, 0, -0.00544666960831874, 0, -2.2931648632435e-38
2.852173, 0.005001, 0.001867, 1.01089333921664, 0, 1, 0, -0.00544666960831874, 0, -1.78357267141161e-38
2.857176, 0.005, 0.001854, 1.01089333921664, 0, 1, 0, -0.00544666960831874, 0, -1.38722318887569e-38
2.862179, 0.005, 0.001824, 1.01089333921664, 0, 1, 0, -0.00544666960831874, 0, -1.07895136912554e-38
2.867182, 0.005, 0.001895, 1.01089333921664, 0, 1, 0, -0.00544666960831874, 0, -8.39184398208753e-39
2.872184, 0.005, 0.001836, 1.01089333921664, 0, 1, 0, -0.00544666960831874, 0, -6.52698976384586e-39
2.877187, 0.005, 0.00182, 1.01089333921664, 0, 1, 0, -0.00544666960831874, 0, -5.07654759410234e-39
2.88219, 0.005, 0.001817, 1.01089333921664, 0, 1, 0, -0.00544666960831874, 0, -3.94842590652404e-39
2.887193, 0.005, 0.001815, 1.01089333921664, 0, 1, 0, -0.00544666960831874, 0, -3.07099792729647e-39
2.892196, 0.005, 0.001846, 1.01089333921664, 0, 1, 0, -0.00544666960831874, 0, -2.38855394345281e-39
2.897199, 0.005001, 0.002898, 1.01089333921664, 0, 1, 0, -0.00544666960831874, 0, -1.85776417824108e-39
2.902202, 0.005, 0.002921, 1.01089333921664, 0, 1, 0, -0.00544666960831874, 0, -1.4449276941875e-39
2.907206, 0.005001, 0.00282, 1.01089333921664, 0, 1, 0, -0.00544666960831874, 0, -1.12383265103473e-39
2.912427, 0.005219, 0.002618, 1.01089333921664, 0, 1, 0, -0.00544666960831874, 0, -8.74092061915898e-40
2.917431, 0.005, 0.002584, 1.01089333921664, 0, 1, 0, -0.00544666960831874, 0, -6.79849381490143e-40
2.922433, 0.005, 0.002644, 1.01089333921664, 0, 1, 0, -0.00544666960831874, 0, -5.28771741159e-40
2.927436, 0.005, 0.00259, 1.01089333921664, 0, 1, 0, -0.00544666960831874, 0, -4.11266909790333e-40
2.932439, 0.005, 0.002592, 1.01089333921664, 0, 1, 0, -0.00544666960831874, 0, -3.19874263170259e-40
2.937442, 0.005, 0.002565, 1.01089333921664, 0, 1, 0, -0.00544666960831874, 0, -2.48791093576868e-40
2.942444, 0.005, 0.002618, 1.01089333921664, 0, 1, 0, -0.00544666960831874, 0, -1.9350418389312e-40
2.947447, 0.005, 0.002575, 1.01089333921664, 0, 1, 0, -0.00544666960831874, 0, -1.50503254139093e-40
2.95245, 0.005, 0.002585, 1.01089333921664, 0, 1, 0, -0.00544666960831874, 0, -1.17058086552628e-40
2.957452, 0.005, 0.002562, 1.01089333921664, 0, 1, 0, -0.00544666960831874, 0, -9.10451784298218e-41
2.962455, 0.005, 0.002618, 1.01089333921664, 0, 1, 0, -0.00544666960831874, 0, -7.08129165565281e-41
2.967458, 0.005, 0.002565, 1.01089333921664, 0, 1, 0, -0.00544666960831874, 0, -5.50767128772996e-41
2.972461, 0.005, 0.003675, 1.01089333921664, 0, 1, 0, -0.00544666960831874, 0, -4.28374433490108e-41
2.977464, 0.005, 0.002572, 1.01089333921664, 0, 1, 0, -0.00544666960831874, 0, -3.33180114936751e-41
2.982467, 0.005, 0.002643, 1.01089333921664, 0, 1, 0, -0.00544666960831874, 0, -2.59140089395251e-41
2.987469, 0.005, 0.002562, 1.01089333921664, 0, 1, 0, -0.00544666960831874, 0, -2.01553402862973e-41
2.992472, 0.005, 0.002535, 1.01089333921664, 0, 1, 0, -0.00544666960831874, 0, -1.56763757782312e-41
2.997475, 0.005, 0.002546, 1.01089333921664, 0, 1, 0, -0.00544666960831874, 0, -1.21927367164021e-41
3.002478, 0.005, 0.00259, 1.01089333921664, 0, 1, 0, -0.00544666960831874, 0, -9.48323966831271e-42
3.007481, 0.005001, 0.002529, 1.01089333921664, 0, 1, 0, -0.00544666960831874, 0, -7.37585307535433e-42
3.012485, 0.005001, 0.002562, 1.01089333921664, 0, 1, 0, -0.00544666960831874, 0, -5.73677461416448e-42
3.017488, 0.005, 0.002515, 1.01089333921664, 0, 1, 0, -0.00544666960831874, 0, -4.46193581101682e-42
3.02249, 0.005, 0.00252, 1.01089333921664, 0, 1, 0, -0.00544666960831874, 0, -3.47039451967975e-42
3.027493, 0.005, 0.00253, 1.01089333921664, 0, 1, 0, -0.00544666960831874, 0, -2.69919573752869e-42
3.032496, 0.005, 0.002513, 1.01089333921664, 0, 1, 0, -0.00544666960831874, 0, -2.09937446252232e-42
3.037499, 0.005, 0.002509, 1.01089333921664, 0, 1, 0, -0.00544666960831874, 0, -1.63284680418402e-42
3.042502, 0.005, 0.00257, 1.01089333921664, 0, 1, 0, -0.00544666960831874, 0, -1.2699919588098e-42
3.047505, 0.005001, 0.002525, 1.01089333921664, 0, 1, 0, -0.00544666960831874, 0, -9.8777152351873e-43
3.052509, 0.005001, 0.002509, 1.01089333921664, 0, 1, 0, -0.00544666960831874, 0, -7.68266740514568e-43
3.057512, 0.005, 0.002487, 1.01089333921664, 0, 1, 0, -0.00544666960831874, 0, -5.97540798177997e-43
3.062515, 0.005, 0.00249, 1.01089333921664, 0, 1, 0, -0.00544666960831874, 0, -4.64753954138442e-43
3.067518, 0.005, 0.002539, 1.01089333921664, 0, 1, 0, -0.00544666960831874, 0, -3.61475297663233e-43
3.07252, 0.005, 0.002501, 1.01089333921664, 0, 1, 0, -0.00544666960831874, 0, -2.8114745373807e-43
3.077523, 0.005, 0.002479, 1.01089333921664, 0, 1, 0, -0.00544666960831874, 0, -2.18670241796277e-43
3.082526, 0.005001, 0.00248, 1.01089333921664, 0, 1, 0, -0.00544666960831874, 0, -1.70076854730437e-43
3.08753, 0.005001, 0.002522, 1.01089333921664, 0, 1, 0, -0.00544666960831874, 0, -1.32281998123674e-43
3.092533, 0.005, 0.002471, 1.01089333921664, 0, 1, 0, -0.00544666960831874, 0, -1.02885998540635e-43
3.097536, 0.005, 0.002588, 1.01089333921664, 0, 1, 0, -0.00544666960831874, 0, -8.00224433093828e-44
3.102539, 0.005, 0.00246, 1.01089333921664, 0, 1, 0, -0.00544666960831874, 0, -6.22396781295199e-44
3.107542, 0.005, 0.002509, 1.01089333921664, 0, 1, 0, -0.00544666960831874, 0, -4.84086385451822e-44
3.112689, 0.005144, 0.002388, 1.01089333921664, 0, 1, 0, -0.00544666960831874, 0, -3.76511633129195e-44
3.117691, 0.005, 0.002319, 1.01089333921664, 0, 1, 0, -0.00544666960831874, 0, -2.92842381322707e-44
3.122694, 0.005, 0.00231, 1.01089333921664, 0, 1, 0, -0.00544666960831874, 0, -2.27766296584328e-44
3.127697, 0.005, 0.002336, 1.01089333921664, 0, 1, 0, -0.00544666960831874, 0, -1.77151564010033e-44
3.132699, 0.005, 0.002316, 1.01089333921664, 0, 1, 0, -0.00544666960831874, 0, -1.37784549785581e-44
3.137702, 0.005, 0.0023, 1.01089333921664, 0, 1, 0, -0.00544666960831874, 0, -1.07165760944341e-44
3.142705, 0.005, 0.002298, 1.01089333921664, 0, 1, 0, -0.00544666960831874, 0, -8.33511474011539e-45
3.147707, 0.005, 0.002319, 1.01089333921664, 0, 1, 0, -0.00544666960831874, 0, -6.48286702008975e-45
3.15271, 0.005, 0.002319, 1.01089333921664, 0, 1, 0, -0.00544666960831874, 0, -5.04222990451425e-45
3.157713, 0.005, 0.002289, 1.01089333921664, 0, 1, 0, -0.00544666960831874, 0, -3.92173437017775e-45
3.162716, 0.005, 0.002346, 1.01089333921664, 0, 1, 0, -0.00544666960831874, 0, -3.05023784347158e-45
3.167719, 0.005, 0.002304, 1.01089333921664, 0, 1, 0, -0.00544666960831874, 0, -2.37240721158901e-45
3.172721, 0.005, 0.002309, 1.01089333921664, 0, 1, 0, -0.00544666960831874, 0, -1.84520560901367e-45
3.177724, 0.005, 0.002279, 1.01089333921664, 0, 1, 0, -0.00544666960831874, 0, -1.43515991812175e-45
3.182727, 0.005, 0.002332, 1.01089333921664, 0, 1, 0, -0.00544666960831874, 0, -1.11623549187247e-45
3.18773, 0.005, 0.002288, 1.01089333921664, 0, 1, 0, -0.00544666960831874, 0, -8.68183160345254e-46
3.192733, 0.005, 0.0023, 1.01089333921664, 0, 1, 0, -0.00544666960831874, 0, -6.7525356915742e-46
3.197736, 0.005, 0.002268, 1.01089333921664, 0, 1, 0, -0.00544666960831874, 0, -5.25197220455771e-46
3.202739, 0.005, 0.00232, 1.01089333921664, 0, 1, 0, -0.00544666960831874, 0, -4.08486727021155e-46
3.207741, 0.005, 0.002284, 1.01089333921664, 0, 1, 0, -0.00544666960831874, 0, -3.17711898794232e-46
3.212743, 0.005, 0.002261, 1.01089333921664, 0, 1, 0, -0.00544666960831874, 0, -2.47109254617736e-46
3.217746, 0.005, 0.002343, 1.01089333921664, 0, 1, 0, -0.00544666960831874, 0, -1.92196086924906e-46
3.22275, 0.005, 0.002299, 1.01089333921664, 0, 1, 0, -0.00544666960831874, 0, -1.49485845386038e-46
3.227752, 0.005, 0.002277, 1.01089333921664, 0, 1, 0, -0.00544666960831874, 0, -1.16266768633585e-46
3.232755, 0.005, 0.002244, 1.01089333921664, 0, 1, 0, -0.00544666960831874, 0, -9.04297089372327e-47
3.237758, 0.005, 0.002245, 1.01089333921664, 0, 1, 0, -0.00544666960831874, 0, -7.03342180622921e-47
3.24276, 0.005, 0.002295, 1.01089333921664, 0, 1, 0, -0.00544666960831874, 0, -5.47043918262272e-47
3.247763, 0.005, 0.002263, 1.01089333921664, 0, 1, 0, -0.00544666960831874, 0, -4.25478603092878e-47
3.252767, 0.005001, 0.002242, 1.01089333921664, 0, 1, 0, -0.00544666960831874, 0, -3.30927802405572e-47
3.25777, 0.005001, 0.002237, 1.01089333921664, 0, 1, 0, -0.00544666960831874, 0, -2.57388290759889e-47
3.262773, 0.005, 0.002316, 1.01089333921664, 0, 1, 0, -0.00544666960831874, 0, -2.00190892813247e-47
3.267775, 0.005, 0.002237, 1.01089333921664, 0, 1, 0, -0.00544666960831874, 0, -1.55704027743637e-47
3.272778, 0.005, 0.002313, 1.01089333921664, 0, 1, 0, -0.00544666960831874, 0, -1.21103132689495e-47
3.277781, 0.005, 0.002235, 1.01089333921664, 0, 1, 0, -0.00544666960831874, 0, -9.4191325425163e-48
3.282784, 0.005, 0.002279, 1.01089333921664, 0, 1, 0, -0.00544666960831874, 0, -7.32599197751267e-48
3.287787, 0.005001, 0.002258, 1.01089333921664, 0, 1, 0, -0.00544666960831874, 0, -5.69799376028764e-48
3.29279, 0.005, 0.002216, 1.01089333921664, 0, 1, 0, -0.00544666960831874, 0, -4.43177292466816e-48
3.297793, 0.005, 0.002211, 1.01089333921664, 0, 1, 0, -0.00544666960831874, 0, -3.44693449696413e-48
3.302795, 0.005, 0.002272, 1.01089333921664, 0, 1, 0, -0.00544666960831874, 0, -2.68094905319432e-48
3.307798, 0.005, 0.002224, 1.01089333921664, 0, 1, 0, -0.00544666960831874, 0, -2.08518259692892e-48
3.312801, 0.005, 0.002294, 1.01089333921664, 0, 1, 0, -0.00544666960831874, 0, -1.62180868650027e-48
3.317805, 0.005001, 0.002197, 1.01089333921664, 0, 1, 0, -0.00544666960831874, 0, -1.26140675616687e-48
3.322808, 0.005, 0.002255, 1.01089333921664, 0, 1, 0, -0.00544666960831874, 0, -9.81094143685347e-49
3.32781, 0.005, 0.002209, 1.01089333921664, 0, 1, 0, -0.00544666960831874, 0, -7.63073222866381e-49
3.332814, 0.005001, 0.002206, 1.01089333921664, 0, 1, 0, -0.00544666960831874, 0, -5.93501395562741e-49
3.337817, 0.005, 0.002203, 1.01089333921664, 0, 1, 0, -0.00544666960831874, 0, -4.61612196548798e-49
3.34282, 0.005, 0.002241, 1.01089333921664, 0, 1, 0, -0.00544666960831874, 0, -3.59031708426843e-49
3.347823, 0.005, 0.002202, 1.01089333921664, 0, 1, 0, -0.00544666960831874, 0, -2.79246884331989e-49
3.352826, 0.005, 0.002179, 1.01089333921664, 0, 1, 0, -0.00544666960831874, 0, -2.17192021147103e-49
3.357829, 0.005, 0.002192, 1.01089333921664, 0, 1, 0, -0.00544666960831874, 0, -1.68927127558858e-49
3.362831, 0.005, 0.002223, 1.01089333921664, 0, 1, 0, -0.00544666960831874, 0, -1.31387765879111e-49
3.367834, 0.005, 0.002187, 1.01089333921664, 0, 1, 0, -0.00544666960831874, 0, -1.02190484572642e-49
3.372837, 0.005, 0.002163, 1.01089333921664, 0, 1, 0, -0.00544666960831874, 0, -7.9481488000944e-50
3.37784, 0.005, 0.002168, 1.01089333921664, 0, 1, 0, -0.00544666960831874, 0, -6.18189351118453e-50
3.382843, 0.005001, 0.002217, 1.01089333921664, 0, 1, 0, -0.00544666960831874, 0, -4.80813939758797e-50
3.387846, 0.005, 0.002239, 1.01089333921664, 0, 1, 0, -0.00544666960831874, 0, -3.73966397590176e-50
3.392849, 0.005, 0.002181, 1.01089333921664, 0, 1, 0, -0.00544666960831874, 0, -2.90862753681248e-50
3.397852, 0.005, 0.002146, 1.01089333921664, 0, 1, 0, -0.00544666960831874, 0, -2.26226586196526e-50
3.402875, 0.005001, 0.002136, 1.01089333921664, 0, 1, 0, -0.00544666960831874, 0, -1.75954011486187e-50
3.407878, 0.005, 0.002143, 1.01089333921664, 0, 1, 0, -0.00544666960831874, 0, -1.36853120044812e-50
3.412881, 0.005, 0.00214, 1.01089333921664, 0, 1, 0, -0.00544666960831874, 0, -1.06441315590409e-50
3.417884, 0.005, 0.002112, 1.01089333921664, 0, 1, 0, -0.00544666960831874, 0, -8.27876899036517e-51
3.422887, 0.005, 0.002162, 1.01089333921664, 0, 1, 0, -0.00544666960831874, 0, -6.4390425480618e-51
3.42789, 0.005, 0.002133, 1.01089333921664, 0, 1, 0, -0.00544666960831874, 0, -5.00814420404807e-51
3.432894, 0.005001, 0.002126, 1.01089333921664, 0, 1, 0, -0.00544666960831874, 0, -3.89522326981516e-51
3.437897, 0.005, 0.002103, 1.01089333921664, 0, 1, 0, -0.00544666960831874, 0, -3.02961809874513e-51
3.4429, 0.005001, 0.002171, 1.01089333921664, 0, 1, 0, -0.00544666960831874, 0, -2.35636963235732e-51
3.447903, 0.005, 0.002118, 1.01089333921664, 0, 1, 0, -0.00544666960831874, 0, -1.83273193627792e-51
3.452906, 0.005, 0.002098, 1.01089333921664, 0, 1, 0, -0.00544666960831874, 0, -1.4254581726606e-51
3.457908, 0.005, 0.002121, 1.01089333921664, 0, 1, 0, -0.00544666960831874, 0, -1.10868968984713e-51
3.462912, 0.005001, 0.002094, 1.01089333921664, 0, 1, 0, -0.00544666960831874, 0, -8.62314203214438e-52
3.467914, 0.005, 0.002107, 1.01089333921664, 0, 1, 0, -0.00544666960831874, 0, -6.70688824722341e-52
3.472917, 0.005, 0.0021, 1.01089333921664, 0, 1, 0, -0.00544666960831874, 0, -5.21646863672932e-52
3.477919, 0.005, 0.002109, 1.01089333921664, 0, 1, 0, -0.00544666960831874, 0, -4.0572533841228e-52
3.482923, 0.005, 0.002205, 1.01089333921664, 0, 1, 0, -0.00544666960831874, 0, -3.1556415209844e-52
3.487926, 0.005001, 0.0021, 1.01089333921664, 0, 1, 0, -0.00544666960831874, 0, -2.45438784965453e-52
3.492929, 0.005, 0.002072, 1.01089333921664, 0, 1, 0, -0.00544666960831874, 0, -1.90896832750908e-52
3.497931, 0.005, 0.002155, 1.01089333921664, 0, 1, 0, -0.00544666960831874, 0, -1.48475314361818e-52
3.502935, 0.005001, 0.002139, 1.01089333921664, 0, 1, 0, -0.00544666960831874, 0, -1.15480800059191e-52
3.507938, 0.005, 0.002082, 1.01089333921664, 0, 1, 0, -0.00544666960831874, 0, -8.98184000460378e-53
3.512941, 0.005, 0.00208, 1.01089333921664, 0, 1, 0, -0.00544666960831874, 0, -6.98587555913627e-53
3.517943, 0.005, 0.00208, 1.01089333921664, 0, 1, 0, -0.00544666960831874, 0, -5.4334587682171e-53
3.522945, 0.005, 0.002142, 1.01089333921664, 0, 1, 0, -0.00544666960831874, 0, -4.22602348639108e-53
3.527948, 0.005, 0.002061, 1.01089333921664, 0, 1, 0, -0.00544666960831874, 0, -3.28690715608195e-53
3.532951, 0.005, 0.002057, 1.01089333921664, 0, 1, 0, -0.00544666960831874, 0, -2.55648334361929e-53
3.537954, 0.005, 0.002048, 1.01089333921664, 0, 1, 0, -0.00544666960831874, 0, -1.98837593392612e-53
3.542957, 0.005, 0.002143, 1.01089333921664, 0, 1, 0, -0.00544666960831874, 0, -1.54651461527587e-53
3.547959, 0.005, 0.002069, 1.01089333921664, 0, 1, 0, -0.00544666960831874, 0, -1.20284470077012e-53
3.552963, 0.005001, 0.002124, 1.01089333921664, 0, 1, 0, -0.00544666960831874, 0, -9.3554587837676e-54
3.557965, 0.005, 0.002125, 1.01089333921664, 0, 1, 0, -0.00544666960831874, 0, -7.27646794293036e-54
3.562968, 0.005, 0.002091, 1.01089333921664, 0, 1, 0, -0.00544666960831874, 0, -5.65947506672361e-54
3.56797, 0.005, 0.002031, 1.01089333921664, 0, 1, 0, -0.00544666960831874, 0, -4.40181394078503e-54
3.572973, 0.005, 0.002114, 1.01089333921664, 0, 1, 0, -0.00544666960831874, 0, -3.42363306505502e-54
3.577976, 0.005, 0.002049, 1.01089333921664, 0, 1, 0, -0.00544666960831874, 0, -2.66282571726502e-54
3.582979, 0.005001, 0.002097, 1.01089333921664, 0, 1, 0, -0.00544666960831874, 0, -2.0710866689839e-54
3.587982, 0.005, 0.002019, 1.01089333921664, 0, 1, 0, -0.00544666960831874, 0, -1.61084518698748e-54
3.592985, 0.005, 0.002023, 1.01089333921664, 0, 1, 0, -0.00544666960831874, 0, -1.25287958987915e-54
3.597988, 0.005, 0.002035, 1.01089333921664, 0, 1, 0, -0.00544666960831874, 0, -9.7446190323934e-55
3.602991, 0.005001, 0.002084, 1.01089333921664, 0, 1, 0, -0.00544666960831874, 0, -7.57914813630598e-55
3.607994, 0.005, 0.002019, 1.01089333921664, 0, 1, 0, -0.00544666960831874, 0, -5.89489299490465e-55
3.613079, 0.005082, 0.001942, 1.01089333921664, 0, 1, 0, -0.00544666960831874, 0, -4.58491677381473e-55
3.618088, 0.005001, 0.001918, 1.01089333921664, 0, 1, 0, -0.00544666960831874, 0, -3.56604637963368e-55
3.623091, 0.005, 0.001914, 1.01089333921664, 0, 1, 0, -0.00544666960831874, 0, -2.77359162860397e-55
3.628094, 0.005001, 0.001941, 1.01089333921664, 0, 1, 0, -0.00544666960831874, 0, -2.15723793335864e-55
3.633096, 0.005, 0.001903, 1.01089333921664, 0, 1, 0, -0.00544666960831874, 0, -1.67785172594561e-55
3.638099, 0.005, 0.001993, 1.01089333921664, 0, 1, 0, -0.00544666960831874, 0, -1.30499578684659e-55
3.643102, 0.005, 0.001958, 1.01089333921664, 0, 1, 0, -0.00544666960831874, 0, -1.0149967231029e-55
3.648106, 0.005, 0.001924, 1.01089333921664, 0, 1, 0, -0.00544666960831874, 0, -7.89441895746701e-56
3.653109, 0.005001, 0.001916, 1.01089333921664, 0, 1, 0, -0.00544666960831874, 0, -6.14010363358545e-56
3.658112, 0.005, 0.001906, 1.01089333921664, 0, 1, 0, -0.00544666960831874, 0, -4.77563615945535e-56
3.663114, 0.005, 0.002013, 1.01089333921664, 0, 1, 0, -0.00544666960831874, 0, -3.71438367957639e-56
3.668117, 0.005, 0.001895, 1.01089333921664, 0, 1, 0, -0.00544666960831874, 0, -2.88896508411497e-56
3.67312, 0.005, 0.001902, 1.01089333921664, 0, 1, 0, -0.00544666960831874, 0, -2.24697284320053e-56
3.678123, 0.005, 0.001829, 1.01089333921664, 0, 1, 0, -0.00544666960831874, 0, -1.74764554471152e-56
3.683126, 0.005, 0.00193, 1.01089333921664, 0, 1, 0, -0.00544666960831874, 0, -1.35927986810896e-56
3.688128, 0.005, 0.001884, 1.01089333921664, 0, 1, 0, -0.00544666960831874, 0, -1.05721767519586e-56
3.69313, 0.005, 0.001898, 1.01089333921664, 0, 1, 0, -0.00544666960831874, 0, -8.22280414041224e-57
3.698133, 0.005, 0.001889, 1.01089333921664, 0, 1, 0, -0.00544666960831874, 0, -6.39551433143174e-57
3.703135, 0.005, 0.001919, 1.01089333921664, 0, 1, 0, -0.00544666960831874, 0, -4.97428892444691e-57
3.708138, 0.005, 0.001876, 1.01089333921664, 0, 1, 0, -0.00544666960831874, 0, -3.86889138568093e-57
3.71314, 0.005, 0.001904, 1.01089333921664, 0, 1, 0, -0.00544666960831874, 0, -3.0091377444185e-57
3.718144, 0.005001, 0.001879, 1.01089333921664, 0, 1, 0, -0.00544666960831874, 0, -2.34044046788106e-57
3.723147, 0.005, 0.001905, 1.01089333921664, 0, 1, 0, -0.00544666960831874, 0, -1.82034258612971e-57
3.72815, 0.005, 0.001879, 1.01089333921664, 0, 1, 0, -0.00544666960831874, 0, -1.41582201143422e-57
3.733153, 0.005, 0.001933, 1.01089333921664, 0, 1, 0, -0.00544666960831874, 0, -1.10119489778217e-57
3.738156, 0.005, 0.001862, 1.01089333921664, 0, 1, 0, -0.00544666960831874, 0, -8.56484920497244e-58
3.743159, 0.005, 0.001917, 1.01089333921664, 0, 1, 0, -0.00544666960831874, 0, -6.66154938164523e-58
3.748162, 0.005, 0.001857, 1.01089333921664, 0, 1, 0, -0.00544666960831874, 0, -5.18120507461296e-58
3.753165, 0.005001, 0.001785, 1.01089333921664, 0, 1, 0, -0.00544666960831874, 0, -4.02982616914341e-58
3.758168, 0.005, 0.001784, 1.01089333921664, 0, 1, 0, -0.00544666960831874, 0, -3.1343092426671e-58
3.763171, 0.005001, 0.001878, 1.01089333921664, 0, 1, 0, -0.00544666960831874, 0, -2.43779607762997e-58
3.768174, 0.005, 0.001853, 1.01089333921664, 0, 1, 0, -0.00544666960831874, 0, -1.89606361593442e-58
3.773177, 0.005, 0.001907, 1.01089333921664, 0, 1, 0, -0.00544666960831874, 0, -1.47471614572677e-58
3.778181, 0.005001, 0.001831, 1.01089333921664, 0, 1, 0, -0.00544666960831874, 0, -1.14700144667638e-58
3.783184, 0.005001, 0.001764, 1.01089333921664, 0, 1, 0, -0.00544666960831874, 0, -8.92112236303848e-59
3.788187, 0.005, 0.00184, 1.01089333921664, 0, 1, 0, -0.00544666960831874, 0, -6.93865072680771e-59
3.79319, 0.005, 0.001899, 1.01089333921664, 0, 1, 0, -0.00544666960831874, 0, -5.39672834307266e-59
3.798193, 0.005, 0.001757, 1.01089333921664, 0, 1, 0, -0.00544666960831874, 0, -4.19745537794541e-59
3.803196, 0.005001, 0.002825, 1.01089333921664, 0, 1, 0, -0.00544666960831874, 0, -3.26468751617976e-59
3.8082, 0.005001, 0.002824, 1.01089333921664, 0, 1, 0, -0.00544666960831874, 0, -2.53920140147315e-59
3.813202, 0.005, 0.002748, 1.01089333921664, 0, 1, 0, -0.00544666960831874, 0, -1.974934423368e-59
3.818206, 0.005, 0.002794, 1.01089333921664, 0, 1, 0, -0.00544666960831874, 0, -1.536060107064e-59
3.823209, 0.005001, 0.002808, 1.01089333921664, 0, 1, 0, -0.00544666960831874, 0, -1.19471341660533e-59
3.828213, 0.005001, 0.002789, 1.01089333921664, 0, 1, 0, -0.00544666960831874, 0, -9.29221546248594e-60
3.833216, 0.005, 0.002797, 1.01089333921664, 0, 1, 0, -0.00544666960831874, 0, -7.22727869304462e-60
3.838219, 0.005, 0.002731, 1.01089333921664, 0, 1, 0, -0.00544666960831874, 0, -5.62121676125693e-60
3.843222, 0.005, 0.002795, 1.01089333921664, 0, 1, 0, -0.00544666960831874, 0, -4.37205748097761e-60
3.848224, 0.005, 0.002788, 1.01089333921664, 0, 1, 0, -0.00544666960831874, 0, -3.40048915187147e-60
3.853227, 0.005, 0.002782, 1.01089333921664, 0, 1, 0, -0.00544666960831874, 0, -2.64482489590003e-60
3.85823, 0.005001, 0.00283, 1.01089333921664, 0, 1, 0, -0.00544666960831874, 0, -2.05708603014447e-60
3.863233, 0.005, 0.002793, 1.01089333921664, 0, 1, 0, -0.00544666960831874, 0, -1.59995580122348e-60
3.868236, 0.005, 0.002778, 1.01089333921664, 0, 1, 0, -0.00544666960831874, 0, -1.24441006761826e-60
3.873239, 0.005, 0.002774, 1.01089333921664, 0, 1, 0, -0.00544666960831874, 0, -9.67874497036425e-61
3.878242, 0.005, 0.002832, 1.01089333921664, 0, 1, 0, -0.00544666960831874, 0, -7.52791275472775e-61
3.883245, 0.005, 0.002769, 1.01089333921664, 0, 1, 0, -0.00544666960831874, 0, -5.85504325367714e-61
3.888248, 0.005, 0.002765, 1.01089333921664, 0, 1, 0, -0.00544666960831874, 0, -4.55392253063777e-61
3.893251, 0.005, 0.002701, 1.01089333921664, 0, 1, 0, -0.00544666960831874, 0, -3.5419397460516e-61
3.898254, 0.005, 0.002697, 1.01089333921664, 0, 1, 0, -0.00544666960831874, 0, -2.7548420247068e-61
3.903257, 0.005, 0.00277, 1.01089333921664, 0, 1, 0, -0.00544666960831874, 0, -2.14265490810529e-61
3.90826, 0.005001, 0.002755, 1.01089333921664, 0, 1, 0, -0.00544666960831874, 0, -1.66650937297078e-61
3.913263, 0.005, 0.002688, 1.01089333921664, 0, 1, 0, -0.00544666960831874, 0, -1.29617395675505e-61
3.918267, 0.005001, 0.002786, 1.01089333921664, 0, 1, 0, -0.00544666960831874, 0, -1.00813529969837e-61
3.923269, 0.005, 0.002752, 1.01089333921664, 0, 1, 0, -0.00544666960831874, 0, -7.84105233098735e-62
3.928272, 0.005, 0.002676, 1.01089333921664, 0, 1, 0, -0.00544666960831874, 0, -6.09859625743461e-62
3.933276, 0.005001, 0.002673, 1.01089333921664, 0, 1, 0, -0.00544666960831874, 0, -4.74335264467136e-62
3.938279, 0.005, 0.002776, 1.01089333921664, 0, 1, 0, -0.00544666960831874, 0, -3.68927427918884e-62
3.943281, 0.005, 0.002739, 1.01089333921664, 0, 1, 0, -0.00544666960831874, 0, -2.86943555048021e-62
3.948284, 0.005, 0.00272, 1.01089333921664, 0, 1, 0, -0.00544666960831874, 0, -2.23178320592905e-62
3.953288, 0.005001, 0.002664, 1.01089333921664, 0, 1, 0, -0.00544666960831874, 0, -1.73583138238926e-62
3.958291, 0.005001, 0.002767, 1.01089333921664, 0, 1, 0, -0.00544666960831874, 0, -1.35009107519165e-62
3.963294, 0.005, 0.004794, 1.01089333921664, 0, 1, 0, -0.00544666960831874, 0, -1.05007083626017e-62